index,h1,h2,h3,h4,h5,h6,title1,title2,type,dimension,h1-h2,h2-h3,h3-h4,h4-h5,h5-h6,备注,from
0,第一部分  医学遗传学基础,第五章  多基因遗传,第二节  疾病的多基因遗传,二、遗传率及其估算,（二）Holzinger公式,,多基因遗传的遗传率及其估算,Holzinger公式,S,PO,S,S,S,S,,2,quark.book
1,第九章  传染病病人的护理,第八节  蠕虫感染,二、钩虫病,【临床表现】,,,蠕虫感染钩虫病,钩虫病的临床表现,SP,PO,NO,S,P,,,2,quark.book
2,第六章  血液系统疾病病人的护理,第三节  贫血,四、再生障碍性贫血,【病因与发病机制】,,,再生障碍性贫血的概述,贫血对再生障碍性贫血的病因与发病机制,SP,PO,NO,S,P,,,1,quark.book
3,第二篇  皮肤性病学各论,第二十九章  性传播疾病,第七节  艾滋病,,,,性传播疾病,艾滋病的概述,S,S,NO,S,,,,2,quark.book
4,附录  临床检验参考值,一、血液检验,（五）血清学与免疫学检测,,,,血液检验,血清学与免疫学检测,SP,S,NO,S,,,,2,quark.book
5,第一篇  细菌学,第二章  细菌的生理,第五节  抑制或杀灭微生物的理化因素,二、物理消毒灭菌法,（一）热力灭菌法,,物理消毒灭菌法,热力灭菌法,SP,S,NO,NO,S,S,,2,quark.book
6,第二十章  免疫缺陷病,第二节  获得性免疫缺陷病,二、获得性免疫缺陷综合征,（四）临床分期及免疫学特征,,,获得性免疫缺陷综合征的概述,获得性免疫缺陷综合征的临床分期及免疫学特征,SP,PO,S,S,P,,,2,quark.book
7,第三篇  体格检查,第六章  腹部检查,第二节  视诊,,,,腹部检查的视诊,腹部检查之视诊,S,S,S,S,,,,2,quark.book
8,第五章  口腔黏膜大疱性疾病,第三节  副肿瘤性天疱疮,【组织病理学和免疫病理学】,,,,副肿瘤性天疱疮的概述,副肿瘤性天疱疮的组织病理学和免疫病理学,SP,PO,S,P,,,,2,quark.book
9,第二篇  皮肤性病学各论,第十八章  瘙痒性皮肤病,第三节  痒疹,【临床表现】,,,瘙痒性皮肤病的痒疹,瘙痒性皮肤病的临床表现,SP,PO,NO,S,P,,,2,quark.book
10,第四章  牙及牙槽外科,第四节  牙拔除术的并发症,一、牙拔除术中并发症,（九）口腔上颌窦交通,,,牙拔除术中并发症,牙拔除术中并发症有口腔上颌窦交通,SPO,PO,NO,P,O,,,2,quark.book
11,第六章  螺旋体病,第三节  回归热,【流行病学】,（四）流行特征,,,回归热的流行病学,回归热的流行特征,SP,PO,S,P,P,,,2,quark.book
12,第二十二章  人为灾难的医学救援,第七节  核与辐射事故,三、现场救援原则,（一）辐射监测,,,核与辐射事故的现场救援原则,核与辐射事故的辐射监测,SP,PO,NO,P,O,,,2,quark.book
13,第五章  心理评估,第一节  心理评估概述,五、标准化心理测验的基本条件,（三）受试者因素,,,标准化心理测验的基本条件,标准化心理测验的基本条件中的受试者因素,SP,PO,NO,P,O,,,1,quark.book
14,第十五章 牙体缺损、牙列缺损/缺失的修复,第三节 牙列缺损的可摘局部义齿修复,二、可摘局部义齿的组成,,,,牙列缺损/缺失的修复,可摘局部义齿的组成,SP,PO,NO,NO,,,,2,quark.book
15,第三篇  循环系统疾病,第十二章  主动脉疾病和周围血管病,第一节  主动脉夹层,【辅助检查】,,,主动脉夹层的概述,主动脉夹层的辅助检查,SP,PO,S,S,P,,,2,quark.book
16,第三篇  细胞的社会性,第十章  细胞连接与细胞黏附,第二节  细胞黏附,四、整联蛋白家族,,,细胞连接与细胞黏附的概述,整联蛋白家族的细胞黏附,SP,S,NO,S,NO,,,2,quark.book
17,第九篇  理化因素所致疾病,第三章  中暑,【预后】,,,,理化因导致中暑,中暑的预后,SP,PO,S,P,,,,2,quark.book
18,第四章病人入院和出院的护理,第三节 运送病人法,二、平车运送法,,,,运送病人法,运送病人法之平车运送法,S,S,NO,S,,,,2,quark.book
19,第八章  唇舌疾病,第一节  唇炎,六、慢性非特异性唇炎,【疾病管理】,,,慢性非特异性唇炎的概述,慢性非特异性唇炎的疾病管理,SP,PO,S,S,P,,,2,quark.book
20,第十章 脑血管病的介入诊疗,第五节 出血性脑血管病的介入治疗,一、脑动脉瘤的介入治疗,,,,出血性脑血管病的介入治疗,脑动脉瘤的介入治疗,SP,S,S,S,,,,2,quark.book
21,第十八章  颅脑损伤,第三节  颅骨骨折,二、颅底骨折,,,,颅骨骨折的概述,颅底骨折的概述,S,S,S,S,,,,3,quark.book
22,第六篇  血液系统疾病,第六章  溶血性贫血,第五节  自身免疫性溶血性贫血,二、冷抗体型AIHA,,,自身免疫性溶血性贫血的概述,冷抗体型AIHA,S,S,S,S,S,,,2,quark.book
23,下篇  各论,第二章  泻下剂,第一节  寒下剂,大承气汤,,,寒下剂的概述,寒下剂的大承气汤,SP,PO,NO,S,S,,,1,quark.book
24,第二篇  呼吸系统疾病,第八章  肺癌,【流行病学】,,,,肺癌的概述,肺癌的流行病学,SP,PO,S,P,,,,2,quark.book
25,第五篇  喉科学,第十二章  气管插管术及气管切开术,第一节  气管插管术,【适应证】,,,气管插管术的概述,气管插管术的适应证,SP,PO,NO,S,P,,,1,quark.book
26,第三章  病因与病因推断,第二节  病因的分类及研究方法,一、宿主,（五）性格、气质和精神心理状态,,,宿主,宿主的性格、气质和精神心理状态,SP,PO,NO,NO,NO,,,1,quark.book
27,第十三章  烧伤、冻伤、蛇咬伤、犬咬伤、虫蛰伤,第二节  电烧伤和化学烧伤,一、电烧伤,,,,电烧伤和化学烧伤的概述,电烧伤的概述,SP,S,S,S,,,,2,quark.book
28,第十八章遗传代谢性疾病患儿的护理,第三节 苯丙酮尿症,,,,,苯丙酮尿症的概述,苯丙酮尿症的概述,S,S,NO,,,,,3,quark.book
29,第一篇  细菌学,第四章  细菌的遗传与变异,第三节  基因的转移和重组,三、转导,,,基因的转移和重组,基因的转导,SP,PO,NO,S,S,,,1,quark.book
30,第六篇  血液系统疾病,第十章  淋巴瘤,,,,,淋巴瘤的概述,淋巴瘤的概述,S,S,S,,,,,3,quark.book
31,第八篇  风湿性疾病,第九章  原发性血管炎,第二节  大动脉炎,,,,大动脉炎的概述,大动脉炎的概述,S,S,S,S,,,,3,quark.book
32,第七篇  颈科学,第七章  颈部肿块及颈清扫术,第二节  甲状腺及甲状旁腺肿瘤,一、甲状腺腺瘤,,,甲状腺及甲状旁腺肿瘤的概述,甲状腺腺瘤的概述,S,S,NO,NO,S,,,2,quark.book
33,第二章  呼吸系统疾病病人的护理,第十五节  呼吸衰竭和急性呼吸窘迫综合征,二、急性呼吸窘迫综合征,【治疗要点】,〇知识拓展,俯卧位辅助通气的研究进展,急性呼吸窘迫综合征治疗要点知识拓展,俯卧位辅助通气的研究进展,SP,PO,NO,S,P,P,NO,2,quark.book
34,第六章患病儿童护理及其家庭支持,第八节 儿童用药特点及护理,,,,,儿童用药特点及护理,儿童用药特点及护理,SP,PO,S,,,,,1,quark.book
35,第三章  循环系统疾病病人的护理,第七节  冠状动脉粥样硬化性心脏病,【临床分型】,三、急性心肌梗死,【预后】,,急性心肌梗死,急性心肌梗死的预后,SP,PO,NO,P,S,P,,2,quark.book
36,第八章 头痛,第二节 丛集性头痛,,,,,丛集性头痛的概述,丛集性头痛的概述,S,S,S,,,,,3,quark.book
37,第一篇  皮肤性病学总论,第五章  皮肤性病的辅助检查方法,第三节  实验室诊断方法,（三）性病检查,,,皮肤性病的实验室诊断方法,性病的实验室诊断方法,SP,S,NO,O：S,P：S,,,2,quark.book
38,第三章  循环系统疾病病人的护理,第九节  心肌疾病,一、扩张型心肌病,【治疗要点】,,,扩张型心肌病的概述,扩张型心肌病的治疗要点,SP,PO,NO,S,P,,,2,quark.book
39,第七章  抗胆碱酯酶药和胆碱酯酶复活药,第二节  抗胆碱酯酶药,二、难逆性抗胆碱酯酶药——有机磷酸酯类,,,,抗胆碱酯酶药的概述,难逆性抗胆碱酯酶药——有机磷酸酯类,S,S,S,S,,,,2,quark.book
40,第二篇  细胞的结构与功能,第五章  细胞的内膜系统与囊泡转运,第五节  囊泡与囊泡转运,二、囊泡的类型与来源,（一）网格蛋白有被小泡产生于高尔基复合体及细胞膜,,囊泡的类型与来源,网格蛋白有被小泡产生于高尔基复合体及细胞膜,SPO,PO,NO,S,S,P,,2,quark.book
41,第十二章  前沿医学技术伦理,第二节  人类干细胞研究与应用伦理,一、人类干细胞研究概述,（一）干细胞的概念,,,人类干细胞研究,人类干细胞的概念,SP,S,NO,S,P,,,2,quark.book
42,第七十八章   骨肿瘤,第六节   其他肿瘤和瘤样病变,六、骨纤维异样增殖症,,,, 其他肿瘤和瘤样病变,骨纤维异样增殖症,S,S,S,S,,,,2,quark.book
43,第十一章  系统疾病的口腔表征,第四节  内分泌系统疾病和营养代谢性疾病,四、淀粉样变性,【疾病管理】,,,淀粉样变性的概述,淀粉样变性的疾病管理,SP,PO,NO,S,P,,,1,quark.book
44,第二十九章  作用于血液及造血系统的药物,第二节  抗血小板药,三、抑制ADP活化血小板的药物,,,,抗血小板药的概述,抑制ADP活化血小板的药物,S,S,S,S,,,,2,quark.book
45,第三十八章  抗骨质疏松药,第二节  抗骨质疏松症的药物,一、骨吸收抑制药,（三）雌激素类药物,,,骨吸收抑制药,骨吸收抑制药之雌激素类药物,S,S,S,S,S,,,2,quark.book
46,第六章  脊柱区,第四节  临床病例分析,病例6-4,,,,脊柱区的临床病例分析,脊柱区的病例6-4,SP,PO,NO,S,,,,2,quark.book
47,第七篇  内分泌和代谢性疾病,第二十二章  糖尿病,第一节  糖尿病,【治疗】,（二）医学营养治疗,,糖尿病的治疗方法,糖尿病的医学营养治疗,SP,PO,S,S,P,S,,2,quark.book
48,第十二章  疾病监测,第四节  非传染性疾病监测系统,三、伤害监测系统,,,,非传染性疾病监测系统,非传染性疾病的伤害监测系统,SP,PO,S,S,,,,1,quark.book
49,第十七章 错畸形,第二节 错畸形的诊断,二、诊断手段和方法,,,,错畸形的诊断,错畸形的诊断手段和方法,SP,PO,P,O,,,,2,quark.book
50,下篇  各论,第十九章  驱虫剂,,,,,驱虫剂的概述,驱虫剂的概述,S,S,NO,,,,,2,quark.book
51,第四章  牙列缺损的固定局部义齿修复,第七节  固定局部义齿修复后可能出现的问题及处理,二、牙周支持组织可能出现的问题,（一）龈缘炎、口腔局部黏膜炎,,,牙周支持组织可能出现的问题,牙周支持组织可能出现的问题有龈缘炎、口腔局部黏膜炎,SPO,PO,S,S,P,,,2,quark.book
52,第十八章 口腔疾病与全身系统性疾病的关系,第二节 口腔疾病对全身健康的影响,一、龋病,,,,口腔疾病对全身健康的影响,龋病对全身健康的影响,SP,S,NO,S,,,,1,quark.book
53,第十六章疼痛病人的护理,第二节 影响疼痛的因素,一、内在因素,,,,影响疼痛的因素,影响疼痛的内在因素,SP,PO,NO,P,,,,1,quark.book
54,第五章  呼吸,第一节  肺通气,一、肺通气的原理,（一）肺通气的动力,,,肺通气的原理,肺通气的动力,SP,PO,NO,S,P,,,2,quark.book
55,第一章绪论,第二节 儿童年龄分期,七、青春期,,,,儿童年龄分期,儿童年龄分期之青春期,S,S,NO,S,,,,3,quark.book
56,第十三章给药,第五节 药物过敏试验法,一、青霉素过敏试验及过敏反应的处理,,,,药物过敏试验法,青霉素过敏试验及过敏反应的处理,S,S,S,S,,,,2,quark.book
57,第八章  呕吐与腹泻,第二节  腹泻,二、临床特点,（二）诊断,,,腹泻的临床特点,腹泻的诊断,SP,PO,S,P,O,,,2,quark.book
58,第十章  神经系统疾病病人的护理,第五节  脑血管疾病,三、脑梗死,脑血栓形成,【实验室及其他检查】,,脑梗死的临床护理,脑梗死的实验室及其他检查,SP,PO,NO,S,S,P,,2,quark.book
59,第一篇  影像诊断学,第一章  影像诊断学总论,第四节  磁共振成像,,,,影像诊断学总论,磁共振成像,S,S,NO,S,,,,2,quark.book
60,第五章儿童营养,第一节 能量与营养素的需要,二、营养素的需要,,,,能量与营养素的需要,儿童营养素的需要,SP,S,S,S,,,,2,quark.book
61,第十七章腹部手术病人的护理,第二节 子宫颈肿瘤,二、子宫颈癌,,,,子宫颈肿瘤的概述,子宫颈瘤的概述,S,S,NO,S,,,,3,quark.book
62,第二章 眼科学基础,第一节 眼的组织与解剖,一、眼球,（一）眼球壁,,,眼球的组织与解剖,眼球壁的组织与解剖,SP,S,S,S,S,,,3,quark.book
63,第三篇  循环系统疾病,第三章  心律失常,第四节  房室交界区性心律失常,四、房室交界区相关的折返性心动过速,,,房室交界区性心律失常,房室交界区相关的折返性心动过速,S,S,S,S,S,,,2,quark.book
64,绪论,二、人体解剖学的分科,,,,,绪论,人体解剖学的分科,SP,PO,NO,,,,,1,quark.book
65,第九章  口腔修复的数字化技术,第一节  口颌三维数据获取技术,一、按数据获取方式分类,,,,口颌三维数据获取技术,口颌三维数据按数据获取方式分类,SP,PO,S,P,,,,2,quark.book
66,第八章  蠕虫病,第七节  蠕虫蚴移行症,【临床表现】,（一）皮肤蠕虫蚴移行症的主要表现,,,蠕虫蚴移行症的临床表现,皮肤蠕虫蚴移行症的主要表现,SP,PO,S,P,O,,,2,quark.book
67,第六章 神经心理学检查,第二节 常用的神经心理学量表及其检查方法,一、认知功能评定,,,,常用的神经心理学量表及其检查方法,常用的神经心理学量表及其检查方法之认知功能评定,S,S,S,P,,,,2,quark.book
68,第四章  细菌性传染病,第一节  伤寒与副伤寒,一、伤寒,【流行病学】,（四）流行特征,,伤寒的流行病学,伤寒的流行特征,SP,PO,S,S,P,O,,1,quark.book
69,第二章  口腔黏膜感染性疾病,第五节  深部真菌病,【临床表现】,,,,深部真菌病的概述,深部真菌病的临床表现,SP,PO,S,P,,,,2,quark.book
70,第十七章免疫性疾病患儿的护理,第三节 继发性免疫缺陷病,一、概 述,,,,继发性免疫缺陷病的概述,继发性免疫缺陷病的概述,SP,PO,NO,S,,,,4,quark.book
71,第四十一章  胰腺疾病,第四节  胰腺癌和壶腹周围癌,一、胰腺癌,,,,胰腺癌和壶腹周围癌的概述,胰腺癌,S,S,S,S,,,,3,quark.book
72,第十八章 肾功能不全,第二节 急性肾衰竭,一、分类和病因,,,,急性肾衰竭的概述,急性肾衰竭的分类和病因,SP,PO,S,P,,,,1,quark.book
73,第四篇  实验诊断,第二章  临床血液学检测,第二节  溶血性贫血的实验室检测,一、溶血性贫血的筛查检测,（五）红细胞寿命测定,,溶血性贫血的筛查检测,通过红细胞寿命测定筛查检测溶血性贫血,SPO,PO,S,S,P,P,,1,quark.book
74,第三十四章  胃十二指肠疾病,第四节  先天性肥厚性幽门狭窄,,,,,先天性肥厚性幽门狭窄的概述,先天性肥厚性幽门狭窄的概述,S,PO,S,,,,,3,quark.book
75,第八篇  风湿性疾病,第十三章  骨关节炎,【预后】,,,,骨关节炎,骨关节炎的预后,SP,PO,S,P,,,,5,quark.book
76,第十三章 休克,第一节 病因与分类,一、病因,,,,休克的病因与分类,休克的病因,SP,PO,P,S,,,,1,quark.book
77,第一部分  医学遗传学基础,第六章  群体遗传,第二节  影响遗传平衡的因素,二、突变和选择,,,群体遗传的影响遗传平衡的因素,突变和选择是影响遗传平衡的因素,SPO,PO,S,P,S,,,1,quark.book
78,第六十章  手外伤及断肢（指）再植,第三节  显微外科技术,二、显微外科基本手术技术,,,,手外伤及断肢（指）再植的显微外科技术,手外伤及断肢（指）再植的显微外科基本手术技术,SP,PO,NO,S,,,,1,quark.book
79,第二章  临床接诊,第三节  临床检查,一、临床一般检查,（二）口腔内部检查,,,临床一般检查,口腔内部检查的概述,S,S,S,S,S,,,1,quark.book
80,第三章 神经系统疾病的常见症状,第四节 痫性发作和晕厥,二、晕厥,,,,痫性发作和晕厥的常见症状,晕厥的概述,S,S,S,S,,,,3,quark.book
81,第四篇  实验诊断,第七章  临床常用生物化学检测,第七节  内分泌激素检测,五、性腺激素检测,（三）血浆孕酮测定,,性腺激素检测,血浆孕酮测定,SP,S,NO,S,S,S,,1,quark.book
82,第四篇  消化系统疾病,第十九章  胆道系统肿瘤,第二节  胆囊癌,【临床表现】,,,胆道系统肿瘤的概述,胆道系统肿瘤的临床表现,SP,PO,S,S,P,,,4,quark.book
83,第十二章  口腔黏膜色素异常,第一节  内源性色素沉着异常,三、胆红素沉着症,,,,内源性色素沉着异常的概述,胆红素沉着症的概述,SP,S,S,S,,,,1,quark.book
84,第二十二章 睡眠障碍,第二节 发作性睡病,,,,,睡眠障碍的概述,发作性睡病的概述,S,S,S,,,,,1,quark.book
85,第一章  免疫学概论,第三节  免疫学发展的趋势,（二）临床免疫学,,,,免疫学发展的趋势,临床免疫学的概述,S,PO,NO,S,,,,1,quark.book
86,第六章  消化和吸收,第一节  消化生理概述,二、消化腺的分泌功能,,,,消化生理概述,消化腺的分泌功能,SP,PO,NO,S,,,,1,quark.book
87,第十章冷、热疗法,第二节 冷、热疗法的应用,一、冷疗法,,,,冷、热疗法的应用,冷疗法的应用,SP,S,S,S,,,,1,quark.book
88,第三篇  循环系统疾病,第五章  高血压,第一节  原发性高血压,【特殊类型高血压】,（一）老年高血压,,特殊类型的原发性高血压,老年原发性高血压,S,S,S,S,P,S,,1,quark.book
89,第十一章  消化系统疾病,第三节  消化性溃疡病,（一）病因和发病机制,,,,消化性溃疡病的概述,消化性溃疡病的病因和发病机制,SP,PO,S,P,,,,4,quark.book
90,第十七章腹部手术病人的护理,第四节 子宫内膜癌,,,,,子宫内膜癌病人的护理,子宫内膜癌病人的护理,SP,S,NO,,,,,1,quark.book
91,第十章  胎儿异常与多胎妊娠,第五节  死胎,【临床表现及诊断】,,,,死胎,死胎的临床表现及诊断,SP,PO,S,P,,,,4,quark.book
92,第一篇  常见症状,第二十七节  头痛,【病因】,,,,头痛的常见症状,头痛的病因,S,PO,S,P,,,,1,quark.book
93,第七章  免疫性疾病,第六节  幼年特发性关节炎,【JIA的分类及临床表现】,,,,幼年特发性关节炎的概述,JIA的分类及临床表现,SP,PO,S,P,,,,1,quark.book
94,上篇  总论,第六章  方剂的组方原则与变化,二、方剂的变化,,,,方剂的组方原则与变化,方剂的变化,SP,PO,NO,S,,,,1,quark.book
95,第十二章 葡萄膜疾病,第一节 葡萄膜炎,二、前葡萄膜炎,（四）慢性前葡萄膜炎,,,前葡萄膜炎的概述,慢性前葡萄膜炎的概述,S,S,S,S,S,,,3,quark.book
96,下篇  各论,第一章  解表剂,第三节  扶正解表剂,再造散,,,扶正解表剂的概述,扶正解表剂的再造散,SP,PO,NO,S,S,,,1,quark.book
97,第二篇  皮肤性病学各论,第二十九章  性传播疾病,第四节  生殖道衣原体感染,【病因和发病机制】,,,生殖道衣原体感染,生殖道衣原体感染的病因和发病机制,SP,PO,NO,S,P,,,1,quark.book
98,第二章  疾病的分布,第一节  研究疾病分布常用的测量指标,二、发病指标,（四）感染率,,,研究疾病分布常用的测量指标有发病指标,研究疾病分布常用的测量指标有感染率,SPO,PO,S,P,O,,,1,quark.book
99,第十七章  感染性疾病,第二节  结核病,一、概述,（一）病因和发病机制,,,结核病的概述,结核病的病因和发病机制,SP,PO,S,S,NO,,,1,quark.book
100,附录  临床病例分析问题答案,第二章  颈部,病例2-1,,,,颈部的概述,颈部的病例2-1,SP,PO,NO,S,,,,1,quark.book
101,第七十一章  骨肿瘤,第三节  骨巨细胞瘤,,,,,骨巨细胞瘤的概述,骨巨细胞瘤的概述,S,PO,S,,,,,3,quark.book
102,第八章 抑郁障碍,第六节 治疗,一、治疗原则,,,,抑郁障碍的治疗,抑郁障碍的治疗原则,SP,PO,P,O,,,,1,quark.book
103,第八章新生儿及新生儿疾病患儿的护理,第一节 新生儿分类,,,,,新生儿分类,新生儿分类,SP,PO,NO,,,,,1,quark.book
104,第十章 细胞信号转导异常与疾病,第一节 概述,一、细胞信号转导过程,,,,细胞信号转导异常与疾病的概述,细胞信号转导过程的概述,S,PO,NO,NO,,,,1,quark.book
105,第九章 脑血管疾病,第九节 遗传性脑血管病,三、Fabry病,,,,遗传性脑血管病的概述,Fabry病的概述,S,S,S,S,,,,3,quark.book
106,第五章  牙列缺损的可摘局部义齿修复,第七节  可摘局部义齿的制作工艺,一、铸造支架的制作,（十一）整铸支架的铸造缺陷及对策,,,牙列缺损的铸造支架的制作工艺,牙列缺损的整铸支架的铸造缺陷及对策,SP,PO,S,P,NO,,,1,quark.book
107,第九章  妊娠合并内外科疾病,第四节  TORCH综合征,【处理】,,,,TORCH综合征的概述,TORCH综合征的处理,SP,PO,S,P,,,,1,quark.book
108,第四章妊娠期妇女的护理,第二节 妊娠期母体变化,一、生理变化,,,,妊娠期母体变化,妊娠期母体生理变化,SP,PO,NO,P,,,,4,quark.book
109,第五章  医疗人际关系伦理,第一节  医患关系,二、医患关系模式,,,,医患关系,医患关系的模式,SP,PO,NO,S,,,,1,quark.book
110,第二十二章  颈部疾病,第一节  甲状腺疾病,五、甲状腺腺瘤,,,,甲状腺疾病的概述,甲状腺腺瘤的概述,S,S,S,S,,,,3,quark.book
111,第三篇  循环系统疾病,第四章  动脉粥样硬化和冠状动脉粥样硬化性心脏病,第一节  动脉粥样硬化,【实验室检查】,,,动脉粥样硬化的概述,动脉粥样硬化的实验室检查,SP,PO,S,S,P,,,1,quark.book
112,第三章  病因与病因推断,第一节  病因的概念和病因模型,一、病因的定义,,,,病因的概念和病因模型,病因的定义,SP,S,NO ,NO,,,,1,quark.book
113,第十七章  儿童急救,第三节  儿童急性中毒,【中毒的处理】,,,,儿童急性中毒的概述,儿童急性中毒的处理,SP,PO,NO,P,,,,4,quark.book
114,第四篇  实验诊断,第三章  血栓与止血检测,第七节  血栓弹力图检测,【原理】,,,血栓弹力图检测,血栓弹力图检测的原理,SP,PO,NO,S,P,,,4,quark.book
115,附录,附录三  中华人民共和国传染病防治法,第三章  疫情报告、通报和公布,,,,中华人民共和国传染病防治法,中华人民共和国传染病防治法之疫情报告、通报和公布,S,S,NO,NO,,,,4,quark.book
116,第四十章  胆道疾病,第十节  胆囊息肉和良性肿瘤,一、胆囊息肉,,,,胆囊息肉和良性肿瘤,胆囊息肉,S,S,S,S,,,,3,quark.book
117,第二篇  呼吸系统疾病,第十五章  呼吸衰竭与呼吸支持技术,第三节  呼吸支持技术,[附2]呼吸康复概述,三、呼吸康复的主要内容,（二）运动治疗方法,呼吸康复的主要内容,呼吸康复之运动治疗,S,S,S,S,NO,S,P,4,quark.book
118,第六章病人的清洁卫生,第三节 皮肤护理,二、皮肤的清洁护理,,,,皮肤护理,皮肤的清洁护理,SP,PO,S,S,,,,4,quark.book
119,第十四章血液系统疾病患儿的护理,第三节 出血性疾病,二、血友病,,,,出血性疾病的概述,血友病的概述,S,S,NO,S,,,,3,quark.book
120,第一篇  常见症状,第一节  发热,【病因与分类】,,,,发热的常见症状,发热的病因与分类,SP,PO,S,P,,,,1,quark.book
121,第九章  妊娠合并内外科疾病,第一节  心脏病,【心功能分级】,,,,心脏病的概述,心功能分级,SP,PO,S,P,,,,1,quark.book
122,第六章  健康与公共卫生伦理,第一节  健康伦理,二、健康伦理的基本内容,（三）健康公正,,,健康伦理的基本内容,健康公正的基本内容有健康公正,SPO,PO,S,P,O,,,1,quark.book
123,第二十章  颅内和椎管内血管性疾病,第一节  自发性蛛网膜下腔出血,,,,,自发性蛛网膜下腔出血的概述,自发性蛛网膜下腔出血的概述,S,S,S,,,,,1,quark.book
124,第十一章  环境及理化因素损伤,第三节  冻伤及冻僵,一、临床特点,（二）冻结性冻伤,,,冻伤及冻僵的临床特点,冻结性冻伤的临床特点有冻结性冻伤,SPO,PO,S,P,O,,,1,quark.book
125,第十四章静脉输液与输血,第二节 静脉输血,八、输血反应和意外的监测与报告,,,,静脉输血的概述,静脉输血输血反应和意外的监测与报告,SP,PO,S,NO,,,,4,quark.book
126,感觉器,第十五章  前庭蜗器,第三节  内耳,四、内耳的血管、淋巴和神经,（三）内耳的神经,,内耳的血管、淋巴和神经,内耳的神经,SP,PO,S,S,S,S,,1,quark.book
127,第八章  蠕虫病,第三节  线虫病,三、蛲虫病,【治疗】,（一）内服药,,线虫病的治疗方法,通过内服药治疗蛲虫病,SPO,PO,S,S,P,O,,1,quark.book
128,第十七章  创伤急救,第二节  特殊创伤急救,四、挤压伤与挤压综合征救治,（二）临床特征及处理,,,挤压伤与挤压综合征救治,挤压伤与挤压综合征的临床特征及处理,SP,PO,S,S,P,,,4,quark.book
129,第六章  血液系统疾病病人的护理,第五节  白血病,一、急性白血病,【护理措施及依据】,,,急性白血病的概述,急性白血病护理措施及依据,SP,PO,NO,S,P,,,4,quark.book
130,第三十五章  小肠疾病,第三节  肠炎性疾病,一、急性出血性肠炎,,,,肠炎性疾病的概述,急性出血性肠炎的概述,S,S,S,S,,,,3,quark.book
131,第十五章 心功能不全,第五节 心功能不全时临床表现的病理生理基础,二、静脉淤血,,,,心功能不全时临床表现的病理生理基础,心功能不全时临床表现的病理生理基础有静脉淤血,SPO,PO,P,O,,,,4,quark.book
132,第二十三章妇产科诊疗及手术病人的护理,第二节 宫颈活组织检查,,,,,宫颈活组织检查,宫颈活组织检查,SP,S,NO,,,,,4,quark.book
133,第二十一章计划生育妇女的护理,第四节 避孕失败补救措施及护理,二、中期妊娠终止方法,,,,避孕失败补救措施及护理,避孕失败补救措施及护理之中期妊娠终止方法,S,S,NO,S,,,,4,quark.book
134,第二篇  介入放射学,第十四章  血管疾病的介入治疗,第一节  胆道梗阻,三、并发症及处理,,,胆道梗阻的概述,胆道梗阻的并发症及处理,SP,PO,S,S,P,,,4,quark.book
135,下篇  胚胎学,第21章  胚胎发生总论,一、生殖细胞和受精,（二）受精,,,生殖细胞和受精,受精,S,S,NO,NO,S,,,5,quark.book
136,第十三章给药,第四节 雾化吸入法,一、超声波雾化吸入法,,,,雾化吸入法,超声波雾化吸入法的概述,S,S,S,S,,,,3,quark.book
137,第六篇  血液系统疾病,第六章  溶血性贫血,第四节  血红蛋白病,二、异常血红蛋白病,,,血红蛋白病的概述,异常血红蛋白病的概述,S,S,S,S,S,,,3,quark.book
138,第四章  消化系统疾病病人的护理,第四节  胃炎,二、慢性胃炎,〇知识拓展,幽门螺杆菌的发现,,慢性胃炎的知识拓展,幽门螺杆菌的发现,SP,S,NO,S,P,O,,4,quark.book
139,第二篇  临床篇,第十四章  泌尿系统,第二节  肾功能测定,二、肾小球滤过率测定,（三）临床应用,,肾小球滤过率测定,肾小球滤过率测定的临床应用,SP,PO,NO,NO,S,,,5,quark.book
140,第九章  感觉器官的功能,第三节  视觉,四、与视觉有关的几种生理现象,（五）双眼视觉和立体视觉,,,与视觉有关的几种生理现象,双眼视觉和立体视觉,S,S,S,P,O,,,5,quark.book
141,第十三章  心理干预备论,第一节  精神分析与心理动力学治疗,一、经典精神分析治疗,（三）适应证和评价,,,经典精神分析治疗,经典精神分析治疗之适应证和评价,S,S,NO,S,NO,,,5,quark.book
142,第二章儿童生长发育,第二节 儿童体格生长发育及评价,三、青春期体格生长特点,,,,儿童体格生长发育及评价,青春期体格生长特点,S,S,S,S,,,,5,quark.book
143,第二章  病毒性传染病,第八节  流行性乙型脑炎,【流行病学】,（四）流行特征,,,流行性乙型脑炎的流行病学,流行性乙型脑炎的流行特征,SP,PO,S,P,O,,,5,quark.book
144,附录,附录2  中华口腔医学会新近通过的定义与指南,附录2.2  复发性阿弗他溃疡诊疗指南（试行草案）,五、治疗,（三）治疗方法,,复发性阿弗他溃疡的治疗,复发性阿弗他溃疡的治疗方法,SP,PO,NO,NO,NO,P,,5,quark.book
145,第五篇  喉科学,第七章  喉的慢性炎症性疾病,第一节  慢性喉炎,【治疗】,,,慢性喉炎的概述,慢性喉炎的治疗,SP,PO,NO,S,P,,,5,quark.book
146,第四篇  消化系统疾病,第十三章  自身免疫性肝病,第一节  自身免疫性肝炎,【临床表现】,,,自身免疫性肝炎的概述,自身免疫性肝炎的临床表现,SP,PO,S,S,P,,,5,quark.book
147,第九章 脑血管疾病,第二节 短暂性脑缺血发作,,,,,短暂性脑缺血发作,短暂性脑缺血发作,S,S,S,,,,,5,quark.book
148,第一篇  生物大分子结构与功能,第一章  蛋白质的结构与功能,第一节  蛋白质的分子组成,一、L-α-氨基酸是蛋白质的基本结构单位,,,蛋白质的分子组成,L-α-氨基酸是蛋白质的基本结构单位,S,S,S,P,O,,,5,quark.book
149,第十一章  慢性非传染性疾病流行病学,第二节  流行特征,四、中国居民慢性病流行状况,（四）糖尿病,,,中国居民慢性病流行状况,中国居民糖尿病流行状况,SP,S,NO,NO,NO,,,3,quark.book
150,第二篇  耳科学,第十章  耳源性眩晕,第二节  梅尼埃病,【流行病学】,,,梅尼埃病的概述,梅尼埃病的流行病学,SP,PO,NO,S,P,,,5,quark.book
151,第十七章 错畸形,第二节 错畸形的诊断,三、治疗计划的制订,,,,错畸形的诊断,错畸形的治疗计划的制订,SP,PO,P,O,,,,5,quark.book
152,第二篇  临床篇,第十八章  炎症显像,第二节  其他炎症显像,二、放射性核素标记白细胞显像,（二）临床应用,,其他炎症的放射性核素标记白细胞显像,放射性核素标记白细胞显像在其他炎症显像的临床应用,SPO,PO,NO,NO,S,P,,5,quark.book
153,第十七章 周围神经疾病,第一节 脑神经疾病,一、三叉神经痛,,,,脑神经疾病的概述,三叉神经痛的概述,S,S,S,S,,,,3,quark.book
154,第六篇  病历书写,第二章  病历书写格式及内容,第一节  住院病历,一、入院记录的内容和格式,（一）入院记录,,入院记录的内容和格式,入院记录,S,S,S,S,P,O,,5,quark.book
155,第二十章感染性疾病患儿的护理,第四节 寄生虫病,二、蛲虫病,,,,寄生虫病的概述,蛲虫病的概述,S,S,NO,S,,,,5,quark.book
156,第五十九章  上肢骨、关节损伤,第五节  肱骨干骨折,,,,,肱骨干骨折的概述,肱骨干骨折的概述,S,S,S,,,,,5,quark.book
157,下篇  各论,第二章  泻下剂,第五节  攻补兼施剂,黄龙汤,,,攻补兼施剂,黄龙汤,S,S,NO,S,S,,,5,quark.book
158,第四章  消化系统疾病病人的护理,第五节  消化性溃疡,【护理评估】,,,,消化性溃疡的概述,消化性溃疡的护理评估,SP,PO,NO,P,,,,5,quark.book
159,第十六章 睡眠-觉醒障碍,第四节 异态睡眠,三、治疗,,,,异态睡眠,异态睡眠的治疗,SP,PO,S,P,,,,5,quark.book
160,第二十一章 神经系统发育异常性疾病,第三节 先天性脑积水,,,,,先天性脑积水的概述,先天性脑积水的概述,S,S,S,,,,,5,quark.book
161,第七篇  诊断疾病的步骤和临床思维方法,第二章  临床思维方法,二、临床思维的基本方法,,,, 临床思维方法,临床思维的基本方法,S,S,S,P,,,,5,quark.book
162,第四篇  医学生化专题,第十九章  肝的生物化学,第三节  胆汁与胆汁酸的代谢,四、胆汁酸的代谢及胆汁酸的肠肝循环,（一）初级胆汁酸在肝内以胆固醇为原料生成,,胆汁酸的代谢及胆汁酸的肠肝循环,初级胆汁酸在肝内以胆固醇为原料生成,S,S,S,S,P,NO,,5,quark.book
163,第十五章  药物流行病学,第三节  药物流行病学资料收集与分析,一、资料收集,,,,药物流行病学资料收集与分析,药物流行病学资料收集,S,S,S,S,,,,5,quark.book
164,第三十二章  作用于消化系统的药物,第二节  消化系统功能调节药,六、利胆药,,,,消化系统功能调节药,消化系统功能调节药之利胆药,S,S,S,S,,,,5,quark.book
165,第四章  呼吸困难,第二节  支气管哮喘急性发作,四、治疗,（一）急诊处理,,,支气管哮喘急性发作的治疗方法,支气管哮喘急性发作的急诊处理,SP,PO,S,P,O,,,5,quark.book
166,第六章  消化和吸收,第四节  小肠内消化,一、胰液的分泌,（一）胰液的性质、成分和作用,,,小肠内消化之胰液的分泌,胰液的性质、成分和作用,SP,PO,S,NO,S,,,5,quark.book
167,第六章  产前检查与孕期保健,第二节  评估胎儿健康的技术,二、胎儿宫内状况的监测,（一）妊娠早期,,,胎儿宫内状况的监测,妊娠早期胎儿宫内状况的监测,SP,S,S,S,NO,,,5,quark.book
168,第五章  口腔种植外科,第四节  口腔种植手术,三、手术原则,（四）种植体愈合的无干扰性,,,口腔种植手术的手术原则,口腔种植手术的手术原则之种植体愈合的无干扰性,S,PO,S,P,O,,,5,quark.book
169,第二十三章妇产科诊疗及手术病人的护理,第二节 宫颈活组织检查,一、局部活组织检查,,,,宫颈活组织检查,宫颈局部活组织检查,SP,PO,NO,S,,,,4,quark.book
170,脉管系统,第十一章  心血管系统,第二节  心,五、心的血管,（一）冠状动脉,,心的血管,心的血管之冠状动脉,S,S,S,S,S,S,,5,quark.book
171,第二章  细胞的基本功能,第二节  细胞的信号转导,一、信号转导概述,（五）信号转导与人类疾病,,,细胞的信号转导概述,细胞的信号转导与人类疾病,S,S,P,O,NO,,,5,quark.book
172,第八章新生儿及新生儿疾病患儿的护理,第六节 新生儿缺氧缺血性脑病,,,,,新生儿缺氧缺血性脑病的概述,新生儿缺氧缺血性脑病的概述,S,S,NO,,,,,5,quark.book
173,第四章病人入院和出院的护理,第一节 病人入院的护理,四、分级护理,,,,病人入院的护理,病人入院的分级护理,SP,PO,S,NO,,,,5,quark.book
174,第九章  消化系统疾病,第九节  腹泻病,【预防】,,,,腹泻病的概述,腹泻病的预防,SP,PO,S,P,,,,5,quark.book
175,第五章 糖代谢紊乱,第一节 高血糖症,一、病因与发病机制,,,,高血糖症的概述,高血糖症的病因与发病机制,SP,PO,S,P,,,,5,quark.book
176,感觉器,第十五章  前庭蜗器,第三节  内耳,二、膜迷路,（一）椭圆囊和球囊,,内耳之膜迷路,内耳之膜迷路之椭圆囊和球囊,S,S,S,S,S,S,,5,quark.book
177,第一章  头部,第三节  颅部,一、颅顶,（一）额顶枕区,,,颅顶的概述,颅顶之额顶枕区,S,S,S,S,S,,,5,quark.book
178,第五十九章  男性节育、不育和性功能障碍,第四节  男性性功能障碍,,,,,男性性功能障碍的概述,男性性功能障碍的概述,S,S,S,,,,,5,quark.book
179,第二十三章  灾难心理救援,第四节  非专业人员的心理救援意识与技能,三、创伤性事件的心理救援,（四）步骤4,,,非专业人员创伤性事件的心理救援,非专业人员创伤性事件的心理救援之步骤4,S,S,S,S,NO,,,5,quark.book
180,第二章  呼吸系统疾病病人的护理,第七节  肺结核,,,,,肺结核的概述,肺结核的概述,S,S,NO,,,,,5,quark.book
181,第十章  其他,第六节  感染性发热的诊断思维,【临床表现】,,,,其他感染性发热的诊断思维,感染性发热的临床表现,SP,PO,NO,P,,,,5,quark.book
182,第二十二章  人为灾难的医学救援,第二节  火灾,一、灾难特点,,,,火灾的医学救援,火灾的灾难特点,SP,PO,S,P,,,,5,quark.book
183,第三章  循环系统疾病病人的护理,第十节  感染性心内膜炎,,,,,感染性心内膜炎的概述,感染性心内膜炎的概述,S,S,NO,,,,,5,quark.book
184,第一篇  影像诊断学,第二章  中枢神经系统,第四节  疾病诊断,二、脊髓疾病,（一）椎管内肿瘤,,脊髓疾病的疾病诊断,椎管内肿瘤的疾病诊断,SP,S,NO,P,O,S,,5,quark.book
185,第十六章  医院管理伦理,第三节  现代医院的社会伦理责任,四、参与社区卫生服务,,,,现代医院的社会伦理责任,现代医院的社会伦理责任之参与社区卫生服务,S,S,S,P,,,,5,quark.book
186,第十二章循环系统疾病患儿的护理,第二节 先天性心脏病,二、临床常见的先天性心脏病,,,,先天性心脏病的概述,临床常见的先天性心脏病,S,S,NO,S,,,,4,quark.book
187,第七十八章   骨肿瘤,第六节   其他肿瘤和瘤样病变,六、骨纤维异样增殖症,,,,其他肿瘤和瘤样病变,骨纤维异样增殖症,S,S,S,S,,,,5,quark.book
188,第十八章 肾功能不全,第三节 慢性肾衰竭,,,,,慢性肾衰竭的概述,慢性肾衰竭的概述,S,S,S,,,,,5,quark.book
189,第四篇  细胞的基本生命活动,第十五章  细胞分化,第四节  细胞分化与医学,一、细胞分化与肿瘤,（三）肿瘤细胞可被诱导分化为成熟细胞,,细胞分化与肿瘤,肿瘤细胞可被诱导分化为成熟细胞,S,S,S,S,S,NO,,5,quark.book
190,第三篇  体格检查,第二章  一般检查,第二节  皮肤,（四）皮疹,,,皮肤的一般检查,皮疹的一般检查,SP,S,S,P,O,,,3,quark.book
191,第十章  神经系统疾病病人的护理,第七节  运动障碍疾病,二、帕金森病,【常用护理诊断/问题、措施及依据】,,,帕金森病,帕金森病常用护理诊断/问题、措施及依据,SP,PO,NO,S,P,,,4,quark.book
192,第四篇  消化系统疾病,第十三章  自身免疫性肝病,第四节  IgG4相关肝胆疾病,【病因和发病机制】,,,IgG4相关肝胆疾病的概述,IgG4相关肝胆疾病的病因和发病机制,SP,PO,S,S,P,,,4,quark.book
193,第四章  细菌性传染病,第二节  细菌性食物中毒,一、胃肠型食物中毒,【发病机制与病理】,（四）过敏反应,,胃肠型食物中毒的发病机制与病理,胃肠型食物中毒的发病机制与病理有过敏反应,SPO,PO,S,S,P,O,,4,quark.book
194,第八章妊娠期并发症妇女的护理,第四节 妊娠期高血压疾病,,,,,妊娠期高血压疾病的概述,妊娠期高血压疾病的概述,S,S,NO,,,,,4,quark.book
195,第四篇  医学生化专题,第十九章  肝的生物化学,第四节  胆色素的代谢与黄疸,一、胆红素是铁卟啉类化合物的降解产物,（二）血红素加氧酶和胆绿素还原酶催化胆红素的生成,,胆红素是铁卟啉类化合物的降解产物,血红素加氧酶和胆绿素还原酶催化胆红素的生成,SPO,S,S,S,P,NO,,4,quark.book
196,第二篇  物质代谢及其调节,第五章  糖代谢,第八节  血糖及其调节,二、血糖稳态主要受激素调节,（一）胰岛素是降低血糖的主要激素,,血糖稳态主要受激素调节,胰岛素是降低血糖的主要激素,SPO,S,S,S,S,S,,4,quark.book
197,第八章新生儿及新生儿疾病患儿的护理,第二节 正常足月儿和早产儿的特点及护理,一、正常足月儿的特点及护理,,,,正常足月儿和早产儿的特点及护理,正常足月儿的特点及护理,SP,S,NO,S,,,,4,quark.book
198,第七篇  内分泌和代谢性疾病,第二十六章  水、电解质代谢和酸碱平衡失常,第三节  酸碱平衡失常,二、代谢性碱中毒,【病因和发病机制】,,酸碱平衡失常之代谢性碱中毒,代谢性碱中毒的病因和发病机制,SP,PO,S,S,S,P,,4,quark.book
199,第一篇  常见症状,第十一节  吞咽困难,【临床表现】,,,,吞咽困难的概述,吞咽困难的临床表现,SP,PO,S,P,,,,4,quark.book
200,第十四章静脉输液与输血,第二节 静脉输血,八、输血反应和意外的监测与报告,,,,静脉输血的概述,静脉输血的输血反应和意外的监测与报告,SP,PO,S,P,,,,4,quark.book
201,第十三章  造血系统疾病,第八节  噬血细胞性淋巴组织细胞增生症,【实验室检查】,,,,噬血细胞性淋巴组织细胞增生症的概述,噬血细胞性淋巴组织细胞增生症的实验室检查,SP,PO,S,P,,,,4,quark.book
202,第二篇  临床篇,第十五章  消化系统,第四节  消化道动力学研究,三、胃排空显像,（一）原理与放射性药物,,消化道动力学研究之胃排空显像,胃排空显像的原理与放射性药物,SP,PO,NO,S,P,P,,4,quark.book
203,第十一章 细胞增殖和凋亡异常与疾病,第一节 细胞增殖异常与疾病,四、细胞周期调控与疾病的防治,,,,细胞增殖异常与疾病的概述,细胞周期调控与疾病的防治,S,S,S,S,,,,4,quark.book
204,第六章患病儿童护理及其家庭支持,第六节 患儿临终关怀与家庭的情感支持,一、住院患儿的临终关怀,,,,患儿临终关怀与家庭的情感支持,住院患儿的临终关怀,S,S,S,S,,,,4,quark.book
205,第十四章静脉输液与输血,第一节 静脉输液,五、输液速度及时间的计算,,,,静脉输液的概述,静脉输液的输液速度及时间的计算,S,S,S,P,,,,4,quark.book
206,第四章  消化系统疾病病人的护理,第五节  消化性溃疡,【临床表现】,,,,消化性溃疡的概述,消化性溃疡的临床表现,SP,PO,NO,P,,,,4,quark.book
207,第八章  主要组织相容性复合体,第一节  MHC结构及其遗传特性,三、MHC的遗传特点,（二）单体型和连锁不平衡,,,MHC的遗传特点,MHC的遗传特点之单体型和连锁不平衡,S,S,NO,S,S,,,4,quark.book
208,第十一章  消化系统疾病,第十二节  消化系统常见肿瘤,二、胃癌,（一）病因和发病机制,,,胃癌的概述,胃癌的病因和发病机制,SP,PO,S,S,P,,,4,quark.book
209,第六章  血液系统疾病病人的护理,第八节  血液系统常用诊疗技术及护理,二、静脉输液港技术,【输液港的应用与维护】,,,静脉输液港技术,静脉输液港的应用与维护,SP,PO,S,S,P,,,4,quark.book
210,第五章  泌尿系统疾病病人的护理,第九节  血液净化治疗的护理,一、血液透析,【适应证和禁忌证】,,,血液透析的概述,血液透析的适应证和禁忌证,SP,PO,S,S,P,,,4,quark.book
211,第十六章  妇科病史及检查,第三节  妇科疾病常见症状的鉴别要点,五、下腹肿块,,,,妇科疾病常见症状的鉴别要点,妇科疾病常见症状的下腹肿块,SP,S,NO,S,,,,4,quark.book
212,第二篇  呼吸系统疾病,第七章  肺结核,【临床表现】,（一）症状,,,肺结核的临床表现,肺结核的症状,SP,PO,S,P,S,,,,book
213,第二篇  呼吸系统疾病,第七章  肺结核,【临床表现】,（二）体征,,,肺结核的临床表现,肺结核的体征,SP,PO,S,P,S,,,,book
214,第二篇  呼吸系统疾病,第七章  肺结核,【肺结核诊断】,（一）诊断方法,,,肺结核的诊断,肺结核的诊断方法,SP,PO,S,P,S,,,,book
215,第二篇  呼吸系统疾病,第七章  肺结核,【肺结核诊断】,（二）肺结核的诊断程序,,,肺结核的诊断,肺结核的诊断程序,SP,PO,S,P,S,,,,book
216,第二篇  呼吸系统疾病,第七章  肺结核,【肺结核诊断】,（三）结核病分类标准,,,肺结核的诊断,结核病分类标准,SP,PO,S,P,S,,,,book
217,第二篇  呼吸系统疾病,第七章  肺结核,【肺结核诊断】,（四）肺结核的记录方式,,,肺结核的诊断,肺结核的记录方式,SP,PO,S,P,S,,,,book
218,第二篇  呼吸系统疾病,第七章  肺结核,【结核病的化学治疗】,（一）化学治疗的原则,,,结核病的化学治疗,结核病化学治疗的原则,SP,PO,S,P,S,,,,book
219,第二篇  呼吸系统疾病,第七章  肺结核,【结核病的化学治疗】,（二）化学治疗的主要作用,,,结核病的化学治疗,结核病化学治疗的主要作用,SP,PO,S,P,S,,,,book
220,第二篇  呼吸系统疾病,第七章  肺结核,【结核病的化学治疗】,（三）化学治疗的生物学机制,,,结核病的化学治疗,结核病化学治疗的生物学机制,SP,PO,S,P,S,,,,book
221,第二篇  呼吸系统疾病,第七章  肺结核,【结核病的化学治疗】,（四）常用抗结核病药物,,,结核病的化学治疗,结核病化学治疗常用抗结核病药物,SP,PO,S,P,S,,,,book
222,第二篇  呼吸系统疾病,第七章  肺结核,【结核病的化学治疗】,（五）标准化学治疗方案,,,结核病的化学治疗,结核病化学治疗的标准化学治疗方案,SP,PO,S,P,S,,,,book
223,第二篇  呼吸系统疾病,第七章  肺结核,【结核病的化学治疗】,（六）耐多药肺结核,,,结核病的化学治疗,耐多药肺结核的化学治疗,SP,PO,S,P,S,,,,book
224,第二篇  呼吸系统疾病,第八章  肺癌,【病因和发病机制】,,,,肺癌的病因与发病机制,肺癌的病因和发病机制,SP,PO,S,P,S,,,,book
225,第二篇  呼吸系统疾病,第八章  肺癌,【临床表现】,（一）原发肿瘤引起的症状和体征,,,肺癌的临床表现,肺原发肿瘤引起的症状和体征,SP,S,S,P,S,,,,book
226,第二篇  呼吸系统疾病,第八章  肺癌,【临床表现】,（二）肿瘤局部扩展引起的症状和体征,,,肺癌的临床表现,肺肿瘤局部扩展引起的症状和体征,SP,S,S,P,S,,,,book
227,第二篇  呼吸系统疾病,第八章  肺癌,【临床表现】,（三）肿瘤远处转移引起的症状和体征,,,肺癌的临床表现,肺肿瘤远处转移引起的症状和体征,SP,S,S,P,S,,,,book
228,第二篇  呼吸系统疾病,第八章  肺癌,【临床表现】,（四）肺癌的胸外表现,,,肺癌的临床表现,肺癌的胸外表现,SP,PO,S,P,S,,,,book
229,第二篇  呼吸系统疾病,第八章  肺癌,【影像学及其他检查】,（一）影像学检查,,,肺癌的影像学及其他检查,肺癌的影像学检查,SP,PO,S,P,S,,,,book
230,第二篇  呼吸系统疾病,第八章  肺癌,【影像学及其他检查】,（二）获得病理学诊断的检查,,,肺癌的影像学及其他检查,肺癌的获得病理学诊断检查,SP,PO,S,P,S,,,,book
231,第二篇  呼吸系统疾病,第八章  肺癌,【影像学及其他检查】,（三）肿瘤标志物检测,,,肺癌的影像学及其他检查,肺癌肿瘤标志物检查,SP,PO,S,P,S,,,,book
232,第二篇  呼吸系统疾病,第八章  肺癌,【影像学及其他检查】,（四）肺癌的基因诊断及其他,,,肺癌的影像学及其他检查,肺癌的基因诊断及其他检查,SP,PO,S,P,S,,,,book
233,第二篇  呼吸系统疾病,第八章  肺癌,【诊断与鉴别诊断】,（一）诊断,,,肺癌的诊断与鉴别,肺癌的诊断,SP,PO,S,P,S,,,,book
234,第二篇  呼吸系统疾病,第八章  肺癌,【诊断与鉴别诊断】,（二）鉴别诊断,,,肺癌的诊断与鉴别,肺癌的鉴别诊断,SP,PO,S,P,S,,,,book
235,第二篇  呼吸系统疾病,第八章  肺癌,【治疗】,（一）手术治疗,,,肺癌的治疗方法,肺癌的手术治疗,SP,PO,S,P,S,,,,book
236,第二篇  呼吸系统疾病,第八章  肺癌,【治疗】,（二）药物治疗,,,肺癌的治疗方法,肺癌的药物治疗,SP,PO,S,P,S,,,,book
237,第二篇  呼吸系统疾病,第八章  肺癌,【治疗】,（三）放射治疗（放疗）,,,肺癌的治疗方法,肺癌的放射治疗（放疗）,SP,PO,S,P,S,,,,book
238,第二篇  呼吸系统疾病,第八章  肺癌,【治疗】,（四）介入治疗,,,肺癌的治疗方法,肺癌的介入治疗,SP,PO,S,P,S,,,,book
239,第二篇  呼吸系统疾病,第八章  肺癌,【治疗】,（五）中医药治疗,,,肺癌的治疗方法,肺癌的中医药治疗,SP,PO,S,P,S,,,,book
240,第二篇  呼吸系统疾病,第九章  间质性肺疾病,第三节  结节病,【临床表现】,（一）急性结节病,,结节病的临床表现,急性结节病的临床表现,SP,S,S,P,O,,,这个细粒度标题注意一下要标成：急性结节病的临床表现。相当于结节病有两种类型，分别讨论临床表现。也因此这个展开维度是S的维度,book
241,第二篇  呼吸系统疾病,第九章  间质性肺疾病,第三节  结节病,【临床表现】,（二）亚急性/慢性结节病,,结节病的临床表现,亚急性/慢性结节病的临床表现,SP,S,S,P,O,,,同上,book
242,第二篇  呼吸系统疾病,第九章  间质性肺疾病,第三节  结节病,【辅助检查】,（一）影像学检查,,结节病的辅助检查,结节病的影像学检查,SP,PO,S,P,S,,,,book
243,第二篇  呼吸系统疾病,第九章  间质性肺疾病,第三节  结节病,【辅助检查】,（二）肺功能试验,,结节病的辅助检查,结节病的肺功能试验,SP,PO,S,P,S,,,,book
244,第二篇  呼吸系统疾病,第九章  间质性肺疾病,第三节  结节病,【辅助检查】,（三）纤维支气管镜与支气管肺泡灌洗,,结节病的辅助检查,结节病的纤维支气管镜与支气管肺泡灌洗,SP,PO,S,P,S,,,,book
245,第二篇  呼吸系统疾病,第九章  间质性肺疾病,第三节  结节病,【辅助检查】,（四）血液检查,,结节病的辅助检查,结节病的血液检查,SP,PO,S,P,S,,,,book
246,第二篇  呼吸系统疾病,第九章  间质性肺疾病,第三节  结节病,【辅助检查】,（五）结核菌素试验,,结节病的辅助检查,结节病的结核菌素试验,SP,PO,S,P,S,,,,book
247,第二篇  呼吸系统疾病,第十章  肺血栓栓塞症,【临床表现】,（一）症状,,,肺血栓栓塞症的临床表现,肺血栓栓塞症的症状,SP,PO,S,P,S,,,,book
248,第二篇  呼吸系统疾病,第十章  肺血栓栓塞症,【临床表现】,（二）体征,,,肺血栓栓塞症的临床表现,肺血栓栓塞症的体征,SP,PO,S,P,S,,,,book
249,第二篇  呼吸系统疾病,第十章  肺血栓栓塞症,【临床表现】,（三）DVT的症状与体征,,,肺血栓栓塞症的临床表现,DVT的症状与体征,SP,PO,S,P,S,,,,book
250,第二篇  呼吸系统疾病,第十章  肺血栓栓塞症,【诊断】,（一）根据临床情况疑诊PTE（疑诊）,,,肺血栓栓塞症的诊断方法,根据临床情况疑诊PTE（疑诊）,SPO,PO,S,P,S,,,,book
251,第二篇  呼吸系统疾病,第十章  肺血栓栓塞症,【诊断】,（二）对疑诊病例进一步明确诊断（确诊）,,,肺血栓栓塞症的诊断方法,对疑诊病例进一步明确诊断肺血栓栓塞症（确诊）,SPO,PO,S,P,S,,,,book
252,第二篇  呼吸系统疾病,第十章  肺血栓栓塞症,【诊断】,（三）寻找PTE的成因和危险因素（求因）,,,肺血栓栓塞症的诊断方法,寻找PTE的成因和危险因素（求因）,SPO,PO,S,P,S,,,,book
253,第二篇  呼吸系统疾病,第十章  肺血栓栓塞症,【PTE的临床分型】,（一）急性肺血栓栓塞症,,,肺血栓栓塞症的临床分型,急性肺血栓栓塞症的概述,S,PO,S,P,S,,,,book
254,第二篇  呼吸系统疾病,第十章  肺血栓栓塞症,【PTE的临床分型】,（二）慢性血栓栓塞性肺动脉高压,,,肺血栓栓塞症的临床分型,慢性血栓栓塞性肺动脉高压的概述,S,PO,S,P,S,,,,book
255,第二篇  呼吸系统疾病,第十章  肺血栓栓塞症,【治疗方案及原则】,（一）一般处理与呼吸循环支持治疗,,,肺血栓栓塞症的治疗方案及原则,肺血栓栓塞症的一般处理与呼吸循环支持治疗,SP,PO,S,P,S,,,,book
256,第二篇  呼吸系统疾病,第十章  肺血栓栓塞症,【治疗方案及原则】,（二）抗凝治疗,,,肺血栓栓塞症的治疗方案及原则,肺血栓栓塞症的抗凝治疗,SP,PO,S,P,S,,,,book
257,第二篇  呼吸系统疾病,第十章  肺血栓栓塞症,【治疗方案及原则】,（三）溶栓治疗,,,肺血栓栓塞症的治疗方案及原则,肺血栓栓塞症的溶栓治疗,SP,PO,S,P,S,,,,book
258,第二篇  呼吸系统疾病,第十章  肺血栓栓塞症,【治疗方案及原则】,（四）肺动脉导管碎解和抽吸血栓,,,肺血栓栓塞症的治疗方案及原则,肺血栓栓塞症的治疗方案及原则：肺动脉导管碎解和抽吸血栓,SPO,PO,S,P,S,,,,book
259,第二篇  呼吸系统疾病,第十章  肺血栓栓塞症,【治疗方案及原则】,（五）肺动脉血栓摘除术,,,肺血栓栓塞症的治疗方案及原则,肺血栓栓塞症的治疗方案及原则：肺动脉血栓摘除术,SPO,PO,S,P,S,,,,book
260,第二篇  呼吸系统疾病,第十章  肺血栓栓塞症,【治疗方案及原则】,（六）放置腔静脉滤器,,,肺血栓栓塞症的治疗方案及原则,肺血栓栓塞症的治疗方案及原则：放置腔静脉滤器,SPO,PO,S,P,S,,,,book
261,第七篇  内分泌和代谢性疾病,第十章  甲状腺功能亢进症,【治疗】,（一）抗甲状腺药物（ATD）,,,甲状腺功能亢进症的治疗方法,甲状腺功能亢进症的抗甲状腺药物（ATD）治疗,SP,PO,S,P,S,,,,book
262,第七篇  内分泌和代谢性疾病,第十章  甲状腺功能亢进症,【治疗】,（二）放射碘,,,甲状腺功能亢进症的治疗方法,甲状腺功能亢进症的放射碘治疗,SP,PO,S,P,S,,,,book
263,第七篇  内分泌和代谢性疾病,第十章  甲状腺功能亢进症,【治疗】,（三）手术治疗,,,甲状腺功能亢进症的治疗方法,甲状腺功能亢进症的手术治疗,SP,PO,S,P,S,,,,book
264,第七篇  内分泌和代谢性疾病,第十章  甲状腺功能亢进症,【治疗】,（四）其他治疗,,,甲状腺功能亢进症的治疗方法,甲状腺功能亢进症的其他治疗,SP,PO,S,P,S,,,,book
265,第七篇  内分泌和代谢性疾病,第十章  甲状腺功能亢进症,【治疗】,（五）甲状腺危象的治疗,,,甲状腺功能亢进症的治疗方法,甲状腺危象的治疗,SP,S,S,P,S,,,,book
266,第七篇  内分泌和代谢性疾病,第十章  甲状腺功能亢进症,【治疗】,（六）Graves眼病（GO）的治疗,,,甲状腺功能亢进症的治疗方法,Graves眼病（GO）的治疗,SP,S,S,P,S,,,,book
267,第七篇  内分泌和代谢性疾病,第十章  甲状腺功能亢进症,【治疗】,（七）妊娠期甲亢的治疗,,,甲状腺功能亢进症的治疗方法,妊娠期甲亢的治疗,SP,S,S,P,S,,,,book
268,第七篇  内分泌和代谢性疾病,第十一章  甲状腺功能减退症,【分类】,（一）根据病变发生的部位分类,,,甲状腺功能减退症的分类,甲状腺功能减退症根据病变发生的部位分类,SP,PO,S,P,S,,,,book
269,第七篇  内分泌和代谢性疾病,第十一章  甲状腺功能减退症,【分类】,（二）根据病变的原因分类,,,甲状腺功能减退症的分类,甲状腺功能减退症根据病变的原因分类,SP,PO,S,P,S,,,,book
270,第七篇  内分泌和代谢性疾病,第十一章  甲状腺功能减退症,【分类】,（三）根据甲状腺功能减低的程度分类,,,甲状腺功能减退症的分类,甲状腺功能减退症根据甲状腺功能减低的程度分类,SP,PO,S,P,S,,,,book
271,第七篇  内分泌和代谢性疾病,第十一章  甲状腺功能减退症,【实验室诊断】,,,,甲状腺功能减退症的诊断与鉴别诊断,甲状腺功能减退症的诊断,SP,PO,S,P,,,,,book
272,第七篇  内分泌和代谢性疾病,第十一章  甲状腺功能减退症,【诊断与鉴别诊断】,（一）诊断,,,甲状腺功能减退症的诊断与鉴别诊断,甲状腺功能减退症的诊断,SP,PO,S,P,S,,,,book
273,第四篇  消化系统疾病,第十章  功能性胃肠病,第二节  肠易激综合征,【治疗】,（二）对症治疗,,肠易激综合征的治疗方法,肠易激综合征的对症治疗,SP,PO,S,S,P,S,,,book
274,第八篇  风湿性疾病,第五章  系统性红斑狼疮,【病因】,（三）雌激素,,,系统性红斑狼疮的病因,系统性红斑狼疮的病因有雌激素,SPO,PO,S,P,S,,,,book
275,第二篇  呼吸系统疾病,第一章  总论,【我国呼吸疾病防治形势与发展方略】,（一）呼吸疾病的严峻形势,,,我国呼吸疾病防治形势与发展方略,呼吸疾病的严峻形势,SP,PO,NO,NO,S,,,,book
276,第九篇  理化因素所致疾病,第二章  中毒,第九节  毒蛇咬伤中毒,【发病机制】,（二）毒液对伤口局部作用,,毒蛇咬伤中毒的发病机制,毒液对伤口局部作用,SPO,PO,S,S,P,S,,,book
277,第七篇  内分泌和代谢性疾病,第十四章  库欣综合征,【诊断与鉴别诊断】,（三）鉴别诊断,,,库欣综合征的诊断与鉴别诊断,库欣综合征的鉴别诊断,SP,PO,S,P,S,,,,book
278,第五篇  泌尿系统疾病,第五章  尿路感染,【病因和发病机制】,（一）病原微生物,,,尿路感染的病因和发病机制,导致尿路感染的病原微生物,SP,PO,S,P,S,,,,book
279,第四篇  消化系统疾病,第十五章  肝硬化,【并发症】,（八）肝肺综合征,,,肝硬化的并发症,肝硬化的并发症有肝肺综合症,SPO,PO,S,P,S,,,,book
280,第九篇  理化因素所致疾病,第二章  中毒,第九节  毒蛇咬伤中毒,【治疗】,（四）并发症防治,,毒蛇咬伤中毒的治疗方法,毒蛇咬伤中毒的并发症防治,SP,PO,S,S,P,S,,,book
281,第九篇  理化因素所致疾病,第二章  中毒,第五节  镇静催眠药中毒,【发病机制】,（一）药动学,,镇静催眠药中毒的发病机制,镇静催眠药中毒的药动学,SP,PO,S,S,P,S,,,book
282,第四篇  消化系统疾病,第二十章  胰腺炎,第二节  慢性胰腺炎,【治疗】,（四）AIP,,慢性胰腺炎的治疗方法,AIP的治疗,SP,S,S,S,P,O,,,book
283,第八篇  风湿性疾病,第三章  类风湿关节炎,【诊断与鉴别诊断】,（二）鉴别诊断,,,类风湿关节炎的诊断与鉴别诊断,类风湿关节炎的鉴别诊断,SP,PO,S,P,S,,,,book
284,第六篇  血液系统疾病,第十五章  紫癜性疾病,第一节  过敏性紫癜,【病因】,（三）药物,,过敏性紫癜的病因,过敏性紫癜的病因：药物,SPO,PO,S,S,P,S,,,book
285,第三篇  循环系统疾病,第二章  心力衰竭,第二节  慢性心力衰竭,【诊断与鉴别诊断】,（二）鉴别诊断,,慢性心力衰竭的诊断与鉴别诊断,慢性心力衰竭的鉴别诊断,SP,PO,S,S,P,S,,,book
286,第八篇  风湿性疾病,第十四章  痛风,【临床表现】,（二）急性关节炎期及间歇期,,,痛风的临床表现,急性关节炎期及间歇期,SP,PO,S,P,O,,,,book
287,第五篇  泌尿系统疾病,第二章  原发性肾小球疾病,第五节  肾病综合征,【治疗】,（二）对症治疗,,肾病综合征的治疗方法,肾病综合征的对症治疗,SP,PO,S,S,P,S,,,book
288,第四篇  消化系统疾病,第二十章  胰腺炎,第一节  急性胰腺炎,【治疗】,（九）择期内镜、腹腔镜或手术去除病因,,急性胰腺炎的治疗方法,急性胰腺炎的治疗：择期内镜、腹腔镜或手术去除病因,SPO,PO,S,S,P,S,,,book
289,第四篇  消化系统疾病,第六章  胃,【诊断】,（一）胃镜,,,胃的诊断,胃的诊断：胃镜,SPO,PO,NO,P,NO,,,,book
290,第四篇  消化系统疾病,第五章  消化性溃疡,【临床表现】,（一）症状,,,消化性溃疡的临床表现,消化性溃疡的症状,SP,PO,S,P,S,,,,book
291,第六篇  血液系统疾病,第十五章  紫癜性疾病,第一节  过敏性紫癜,【防治】,（二）一般治疗,,过敏性紫癜的防治,过敏性紫癜的一般治疗,SP,PO,S,S,P,S,,,book
292,第九篇  理化因素所致疾病,第二章  中毒,第六节  急性一氧化碳中毒,【治疗】,（五）防治并发症和后遗症,,急性一氧化碳中毒的治疗方法,急性一氧化碳中毒的治疗：防治并发症和后遗症,SPO,PO,S,S,P,S,,,book
293,第四篇  消化系统疾病,第五章  消化性溃疡,【并发症】,（三）幽门梗阻,,,消化性溃疡的并发症,消化性溃疡的并发症：幽门梗阻,SPO,PO,S,P,S,,,,book
294,第六篇  血液系统疾病,第六章  溶血性贫血,第六节  阵发性睡眠性血红蛋白尿症,【实验室检查】,（一）血象,,阵发性睡眠性血红蛋白尿症的实验室检查,阵发性睡眠性血红蛋白尿症的血象,SP,PO,S,S,P,S,,,book
295,第三篇  循环系统疾病,第四章  动脉粥样硬化和冠状动脉粥样硬化性心脏病,第三节  慢性心肌缺血综合征,一、稳定型心绞痛,【辅助检查】,（三）多层螺旋CT冠状动脉成像（CTA）,稳定型心绞痛的辅助检查,稳定型心绞痛的辅助检查：多层螺旋CT冠状动脉成像（CTA）,SPO,PO,S,S,S,P,S,,book
296,第九篇  理化因素所致疾病,第二章  中毒,第一节  概述,【治疗】,（二）急性中毒治疗,,中毒的治疗方法,急性中毒的治疗方法,SP,S,S,S,P,S,,,book
297,第六篇  血液系统疾病,第六章  溶血性贫血,第五节  自身免疫性溶血性贫血,一、温抗体型AIHA,【治疗】,（二）控制溶血发作,温抗体型AIHA的治疗方法,温抗体型AIHA的治疗：控制溶血发作,SPO,PO,S,S,S,P,S,,book
298,第五篇  泌尿系统疾病,第十章  慢性肾衰竭,【临床表现与诊断】,（三）鉴别诊断,,,慢性肾衰竭的临床表现与诊断,慢性肾衰竭的鉴别诊断,SP,PO,S,P,S,,,,book
299,第七篇  内分泌和代谢性疾病,第四章  肢端肥大症和巨人症,【诊断与鉴别诊断】,（一）定性诊断（确定GH过度分泌）,,,肢端肥大症和巨人症的诊断与鉴别诊断,肢端肥大症和巨人症的定性诊断（确定GH过度分泌）,SP,PO,S,P,S,,,,book
300,第九篇  理化因素所致疾病,第二章  中毒,第二节  农药中毒,一、急性有机磷杀虫药中毒,【诊断与鉴别诊断】,（一）诊断,急性有机磷杀虫药中毒的诊断与鉴别诊断,急性有机磷杀虫药中毒的诊断,SP,PO,S,S,S,P,S,,book
301,第二篇  呼吸系统疾病,第五章  支气管扩张症,【诊断与鉴别诊断】,（一）诊断,,,支气管扩张症的诊断与鉴别诊断,支气管扩张症的诊断,SP,PO,S,P,S,,,,book
302,第六篇  血液系统疾病,第十七章  弥漫性血管内凝血,【治疗】,（四）纤溶抑制药物,,,弥漫性血管内凝血的治疗方法,弥漫性血管内凝血的治疗：纤溶抑制药物,SPO,PO,S,P,S,,,,book
303,第六篇  血液系统疾病,第十四章  出血性疾病概述,【凝血机制】,（一）凝血因子,,,出血性疾病的凝血机制,出血性疾病的凝血机制：凝血因子,SPO,PO,S,P,S,,,,book
304,第七篇  内分泌和代谢性疾病,第十五章  原发性醛固酮增多症,【鉴别诊断】,（二）Liddle综合征,,,原发性醛固酮增多症的鉴别诊断,Liddle综合征的鉴别诊断,SP,S,S,P,S,,,,book
305,第三篇  循环系统疾病,第五章  高血压,第一节  原发性高血压,【病因和发病机制】,（二）高血压的发病机制,,原发性高血压的病因和发病机制,原发性高血压的发病机制,SP,S,S,S,P,S,,,book
306,第五篇  泌尿系统疾病,第五章  尿路感染,【病因和发病机制】,（二）发病机制,,,尿路感染的病因和发病机制,尿路感染的发病机制,SP,PO,S,P,S,,,,book
307,第九篇  理化因素所致疾病,第二章  中毒,第二节  农药中毒,一、急性有机磷杀虫药中毒,【临床表现】,（一）急性中毒,急性有机磷杀虫药中毒的临床表现,急性有机磷杀虫药中毒的临床表现：急性中毒,SPO,PO,S,S,S,P,S,,book
308,第三篇  循环系统疾病,第四章  动脉粥样硬化和冠状动脉粥样硬化性心脏病,第四节  急性冠状动脉综合征,二、急性ST段抬高型心肌梗死,【实验室和其他检查】,（四）实验室检查,急性ST段抬高型心肌梗死的实验室和其他检查,急性ST段抬高型心肌梗死的实验室检查,SP,PO,S,S,S,P,S,,book
309,第三篇  循环系统疾病,第三章  心律失常,第一节  概述,【心律失常的诊断】,（六）食管心电生理检查,,心律失常的诊断,心律失常的诊断：食管心电生理检查,SPO,PO,S,S,P,S,,,book
310,第七篇  内分泌和代谢性疾病,第二十四章  血脂异常和脂蛋白异常血症,【治疗】,（五）治疗过程的监测,,,血脂异常和脂蛋白异常血症的治疗,血脂异常和脂蛋白异常血症治疗过程的监测,SP,PO,S,P,S,,,,book
311,第六篇  血液系统疾病,第十五章  紫癜性疾病,第一节  过敏性紫癜,【实验室检查】,（二）血小板功能及凝血相关检查,,过敏性紫癜的实验室检查,过敏性紫癜的实验室检查：血小板功能及凝血相关检查,SPO,PO,S,S,P,S,,,book
312,第三篇  循环系统疾病,第一章  总论,一、心脏的解剖和生理,【心脏的生理】,（一）心肌细胞生理特性,,心脏的生理,心肌细胞生理特性,SP,PO,NO,NO,S,S,,,book
313,第四篇  消化系统疾病,第二章  胃食管反流病,【治疗】,（二）病人教育,,,胃食管反流病的治疗方法,胃食管反流病的病人教育,SP,PO,S,P,S,,,,book
314,第三篇  循环系统疾病,第四章  动脉粥样硬化和冠状动脉粥样硬化性心脏病,第三节  慢性心肌缺血综合征,一、稳定型心绞痛,【辅助检查】,（五）放射性核素检查,稳定型心绞痛的辅助检查,稳定型心绞痛的放射性核素检查,SP,PO,S,S,S,P,S,,book
315,第五篇  泌尿系统疾病,第二章  原发性肾小球疾病,第五节  肾病综合征,【治疗】,（三）免疫抑制治疗,,肾病综合征的治疗方法,肾病综合征的免疫抑制治疗,SP,PO,S,S,P,S,,,book
316,第三篇  循环系统疾病,第八章  心脏瓣膜病,第三节  二尖瓣关闭不全,【临床表现】,（一）症状,,二尖瓣关闭不全的临床表现,二尖瓣关闭不全的症状,SP,PO,S,S,S,P,S,,book
317,第六篇  血液系统疾病,第十七章  弥漫性血管内凝血,【治疗】,（一）治疗基础疾病及消除诱因,,,弥漫性血管内凝血的治疗方法,弥漫性血管内凝血的治疗基础疾病及消除诱因,SP,PO,S,P,S,,,,book
318,第七篇  内分泌和代谢性疾病,第二十二章  糖尿病,第一节  糖尿病,【糖尿病分型】,（二）2型糖尿病（type 2 diabetes mellitus，T2DM）,,糖尿病分型,2型糖尿病的概述,S,PO,S,S,P,S,,,book
319,第三篇  循环系统疾病,第六章  心肌疾病,第一节  扩张型心肌病,【治疗】,（二）针对心力衰竭的药物治疗,,扩张型心肌病的治疗方法,扩张型心肌病的治疗：针对心力衰竭的药物治疗,SPO,PO,S,S,P,S,,,book
320,第八篇  风湿性疾病,第三章  类风湿关节炎,【实验室和其他辅助检查】,（三）自身抗体,,,类风湿关节炎的实验室和其他辅助检查,类风湿关节炎的实验室和其他辅助检查：自身抗体,SPO,PO,S,S,P,S,,,book
321,第四篇  消化系统疾病,第十六章  原发性肝癌,【病理】,（二）组织病理分型,,, 原发性肝癌的病理,原发性肝癌的组织病理分型,SP,PO,S,S,P,S,,,book
322,第二篇  呼吸系统疾病,第十二章  胸膜疾病,第一节  胸腔积液,【实验室和其他检查】,（四）胸膜针刺活检,,胸腔积液的实验室和其他检查,胸腔积液的胸膜针刺活检,SP,PO,S,S,S,P,S,,book
323,第七篇  内分泌和代谢性疾病,第二章  下丘脑疾病,【下丘脑相关疾病】,（一）下丘脑疾病的病因与分类,,,下丘脑相关疾病,下丘脑疾病的病因与分类,SP,PO,S,P,S,,,,book
324,第七篇  内分泌和代谢性疾病,第一章  总论,第一节  内分泌疾病,【基础知识】,（一）激素的作用,,内分泌疾病的基础知识,激素的作用,SP,PO,NO,NO,P,S,,,book
325,第七篇  内分泌和代谢性疾病,第二十六章  水、电解质代谢和酸碱平衡失常,第二节  钾代谢失常,二、高钾血症,【防治】,（一）对抗钾的心脏抑制作用,高钾血症的防治,高钾血症的防治：对抗钾的心脏抑制作用,SPO,PO,S,S,S,P,S,,book
326,第六篇  血液系统疾病,第十七章  弥漫性血管内凝血,【诊断】,（二）中国DIC诊断积分系统（CDSS）,,,弥漫性血管内凝血的诊断,通过中国DIC诊断积分系统诊断弥漫性血管内凝血,SPO,PO,S,P,S,,,,book
327,第四篇  消化系统疾病,第十六章  原发性肝癌,【治疗】,（五）病人教育,,,原发性肝癌的治疗方法,原发性肝癌的治疗：病人教育,SPO,PO,S,P,S,,,,book
328,第七篇  内分泌和代谢性疾病,第二十七章  高尿酸血症,【预防和治疗】,（五）其他,,, 高尿酸血症的预防和治疗, 高尿酸血症的预防和治疗：其他,SPO,PO,S,P,S,,,,book
329,第二篇  呼吸系统疾病,第一章  总论,【呼吸系统疾病的诊断】,（一）症状,,,呼吸系统疾病的诊断,呼吸系统疾病的的症状,SP,PO,NO,NO,S,,,,book
330,第四篇  消化系统疾病,第十章  功能性胃肠病,第一节  功能性消化不良,【诊断与鉴别诊断】,（二）诊断标准,,功能性消化不良的诊断与鉴别诊断,功能性消化不良的诊断标准,SP,PO,S,S,P,S,,,book
331,第八篇  风湿性疾病,第九章  原发性血管炎,第四节  结节性多动脉炎,【临床表现】,（二）皮肤型PAN,,结节性多动脉炎的临床表现,皮肤型PAN的临床表现,SP,S,S,S,P,S,,,book
332,第七篇  内分泌和代谢性疾病,第一章  总论,第二节  代谢性疾病,【防治原则】,（二）早期防治,,代谢性疾病的防治原则,代谢性疾病的早期防治,SP,PO,NO,NO,P,S,,,book
333,第六篇  血液系统疾病,第十五章  紫癜性疾病,第一节  过敏性紫癜,【实验室检查】,（三）血清学检查,,过敏性紫癜的实验室检查,过敏性紫癜的血清学检查,SP,PO,S,S,P,S,,,book
334,第四篇  消化系统疾病,第十五章  肝硬化,【治疗】,（一）保护或改善肝功能,,,肝硬化的治疗方法,肝硬化患者保护或改善肝功能,SP,PO,S,P,S,,,,book
335,第三篇  循环系统疾病,第三章  心律失常,第一节  概述,【心律失常的诊断】,（七）心腔内电生理检查,,心律失常的诊断,心律失常的心腔内电生理检查,SP,PO,S,S,P,S,,,book
336,第六篇  血液系统疾病,第三章  缺铁性贫血,【诊断与鉴别诊断】,（二）鉴别诊断,,,缺铁性贫血的诊断与鉴别诊断,缺铁性贫血的鉴别诊断,SP,PO,S,P,S,,,,book
337,第三篇  循环系统疾病,第五章  高血压,第一节  原发性高血压,【病理生理和病理】,（二）脑,,原发性高血压的病理生理和病理,原发性高血压患者脑的病理生理和病理,SP,S,S,S,P,S,,,book
338,第七篇  内分泌和代谢性疾病,第一章  总论,第一节  内分泌疾病,【基础知识】,（六）激素受体,,内分泌疾病的基础知识,内分泌疾病的基础知识：激素受体,SPO,PO,NO,S,P,S,,,book
339,第六篇  血液系统疾病,第九章  白血病,第三节  慢性髓系白血病,【临床表现和实验室检查】,（一）慢性期（CP）,,慢性髓系白血病的临床表现和实验室检查,慢性期慢性髓系白血病的临床表现和实验室检查,SP,S,S,S,P,S,,,book
340,第八篇  风湿性疾病,第七章  脊柱关节炎,第一节  强直性脊柱炎,【实验室和影像学检查】,（一）实验室检查,,强直性脊柱炎的实验室和影像学检查,强直性脊柱炎的实验室检查,SP,PO,S,S,P,S,,,book
341,第三篇  循环系统疾病,第三章  心律失常,第一节  概述,【心律失常的诊断】,（一）病史,,心律失常的诊断,心律失常的病史,SP,PO,S,S,P,S,,,book
342,第三篇  循环系统疾病,第八章  心脏瓣膜病,第三节  二尖瓣关闭不全,【病因】,（三）腱索,,二尖瓣关闭不全的病因,二尖瓣关闭不全的腱索相关病因,SPO,PO,S,S,P,S,,,book
343,第二篇  呼吸系统疾病,第八章  肺癌,【分类】,（一）按解剖学部位分类,,,肺癌的分类,肺癌按解剖学部位分类,SPO,PO,S,S,P,S,,,book
344,第三篇  循环系统疾病,第十章  感染性心内膜炎,第一节  自体瓣膜心内膜炎,【并发症】,（一）心脏,,自体瓣膜心内膜炎的并发症,自体瓣膜心内膜炎的并发症：心脏,SPO,PO,S,S,S,P,S,,book
345,第八篇  风湿性疾病,第九章  原发性血管炎,第二节  大动脉炎,【辅助检查】,（一）实验室检查,,大动脉炎的辅助检查,大动脉炎的实验室检查,SP,PO,S,S,S,P,S,,book
346,第六篇  血液系统疾病,第九章  白血病,第四节  慢性淋巴细胞白血病,【治疗】,（一）化学治疗,,慢性淋巴细胞白血病的治疗,慢性淋巴细胞白血病的化学治疗,SP,PO,S,S,S,P,S,,book
347,第四篇  消化系统疾病,第十二章  脂肪性肝病,第一节  非酒精性脂肪性肝病,【治疗】,（四）病人教育,,非酒精性脂肪性肝病的治疗方法,非酒精性脂肪性肝病的治疗：病人教育,SPO,PO,S,S,S,P,S,,book
348,第八篇  风湿性疾病,第九章  原发性血管炎,第一节  概论,【诊断】,（一）临床表现,,原发性血管炎的诊断,原发性血管炎的临床表现,SP,PO,S,S,S,P,S,,book
349,第四篇  消化系统疾病,第十五章  肝硬化,【临床表现】,（一）代偿期,,,肝硬化的临床表现,代偿期肝硬化的临床表现,SP,S,S,P,S,,,,book
350,第三篇  循环系统疾病,第五章  高血压,第一节  原发性高血压,【治疗】,（一）目的与原则,,原发性高血压的治疗方法,原发性高血压的治疗目的与原则,SP,PO,S,S,P,S,,,book
351,第五篇  泌尿系统疾病,第十章  慢性肾衰竭,【定义、病因和发病机制】,（一）定义和分期,,,慢性肾衰竭的定义、病因和发病机制,慢性肾衰竭的定义和分期,SP,PO,S,P,S,,,,book
352,第九篇  理化因素所致疾病,第二章  中毒,第一节  概述,【临床表现】,（一）急性中毒,,中毒的临床表现,急性中毒的临床表现,SP,S,S,S,P,S,,,book
353,第三篇  循环系统疾病,第八章  心脏瓣膜病,第三节  二尖瓣关闭不全,【临床表现】,（二）体征,,二尖瓣关闭不全的临床表现,二尖瓣关闭不全的体征,SP,PO,S,S,P,S,,,book
354,第八篇  风湿性疾病,第三章  类风湿关节炎,【临床表现】,（一）关节表现,,,类风湿关节炎的临床表现,类风湿关节炎的关节表现,SP,PO,S,P,S,,,,book
355,第四篇  消化系统疾病,第三章  食管癌,【临床表现】,（三）体征,,,食管癌的临床表现,食管癌的体征,SP,PO,S,P,S,,,,book
356,第三篇  循环系统疾病,第八章  心脏瓣膜病,第四节  主动脉瓣狭窄,【治疗】,（二）手术治疗,,主动脉瓣狭窄的治疗方法,主动脉瓣狭窄的手术治疗,SP,PO,S,S,P,S,,,book
357,第九篇  理化因素所致疾病,第三章  中暑,【发病机制】,（二）高温环境对人体各系统的影响,,,中暑的发病机制,中暑的发病机制：高温环境对人体各系统的影响,SPO,PO,S,P,S,,,,book
358,第九篇  理化因素所致疾病,第二章  中毒,第九节  毒蛇咬伤中毒,【发病机制】,（一）毒液释放机制,,毒蛇咬伤中毒的发病机制,毒蛇咬伤中毒的发病机制：毒液释放机制,SPO,PO,S,S,P,S,,,book
359,第八篇  风湿性疾病,第十四章  痛风,【临床表现】,（四）肾脏,,,痛风的临床表现,痛风的临床表现：肾脏,SPO,PO,S,P,S,,,,book
360,第四篇  消化系统疾病,第六章  胃,【病因和发病机制】,（二）环境和饮食因素,,,胃癌的病因和发病机制,胃癌的病因和发病机制：环境和饮食因素,SPO,PO,S,P,S,,,,book
361,第四篇  消化系统疾病,第五章  消化性溃疡,【治疗】,（三）内镜治疗及外科手术,,,消化性溃疡的治疗方法,消化性溃疡的治疗：内镜治疗及外科手术,SPO,PO,S,P,S,,,,book
362,第八篇  风湿性疾病,第十三章  骨关节炎,【治疗】,（二）药物治疗,,,骨关节炎的治疗方法,骨关节炎的药物治疗,SP,PO,S,P,S,,,,book
363,第七篇  内分泌和代谢性疾病,第十四章  库欣综合征,【诊断与鉴别诊断】,（二）病因诊断,,,库欣综合征的诊断与鉴别诊断,库欣综合征的病因诊断,SP,PO,S,P,S,,,,book
364,第九篇  理化因素所致疾病,第二章  中毒,第五节  镇静催眠药中毒,【治疗】,（三）戒断综合征,,镇静催眠药中毒的治疗方法,镇静催眠药中毒的治疗：戒断综合征,SPO,PO,S,S,P,S,,,book
365,第五篇  泌尿系统疾病,第二章  原发性肾小球疾病,第三节  急进性肾小球肾炎,【诊断与鉴别诊断】,（一）引起急性肾损伤的非肾小球疾病,,急进性肾小球肾炎的诊断与鉴别诊断,引起急性肾损伤的非肾小球疾病,SP,PO,S,S,P,S,,,book
366,第四篇  消化系统疾病,第二章  胃食管反流病,【临床表现】,（一）食管症状,,,胃食管反流病的临床表现,胃食管反流病的临床表现：食管症状,SPO,PO,S,P,S,,,,book
367,第三篇  循环系统疾病,第十二章  主动脉疾病和周围血管病,第二节  闭塞性周围动脉粥样硬化,【治疗】,（二）血运重建,,闭塞性周围动脉粥样硬化的治疗方法,闭塞性周围动脉粥样硬化的治疗：血运重建,SPO,PO,S,S,P,S,,,book
368,第六篇  血液系统疾病,第十四章  出血性疾病概述,【出血性疾病诊断】,（三）实验室检查,,,出血性疾病诊断,出血性疾病的实验室检查,SP,PO,S,P,S,,,,book
369,第六篇  血液系统疾病,第五章  再生障碍性贫血,【诊断与鉴别诊断】,（二）鉴别诊断,,,再生障碍性贫血的诊断与鉴别诊断,再生障碍性贫血的鉴别诊断,SP,PO,S,P,S,,,,book
370,第五篇  泌尿系统疾病,第一章  总论,【肾脏疾病的检查】,（一）尿液检查,,,肾脏疾病的检查,肾脏疾病的尿液检查,SP,PO,S,P,S,,,,book
371,第四篇  消化系统疾病,第十三章  自身免疫性肝病,第三节  原发性硬化性胆管炎,【实验室检查】,（二）免疫学检查,,原发性硬化性胆管炎的实验室检查,原发性硬化性胆管炎的免疫学检查,SP,PO,S,S,P,S,,,book
372,第九篇  理化因素所致疾病,第二章  中毒,第一节  概述,【诊断】,（一）病史,,中毒的诊断,中毒的病史,SP,PO,S,S,P,S,,,book
373,第七篇  内分泌和代谢性疾病,第二章  下丘脑疾病,【下丘脑相关疾病】,（三）下丘脑疾病的诊断与鉴别诊断,,,下丘脑相关疾病,下丘脑疾病的诊断与鉴别诊断,SP,PO,S,P,S,,,,book
374,第三篇  循环系统疾病,第八章  心脏瓣膜病,第二节  二尖瓣狭窄,【临床表现】,（一）症状,,二尖瓣狭窄的临床表现,二尖瓣狭窄的症状,SP,PO,S,S,P,S,,,book
375,第六篇  血液系统疾病,第十五章  紫癜性疾病,第二节  原发免疫性血小板减少症,【诊断与鉴别诊断】,（二）鉴别诊断,,原发免疫性血小板减少症的诊断与鉴别诊断,原发免疫性血小板减少症的鉴别诊断,SP,PO,S,S,P,S,,,book
376,第三篇  循环系统疾病,第十章  感染性心内膜炎,第一节  自体瓣膜心内膜炎,【实验室和其他检查】,（五）心电图,,自体瓣膜心内膜炎的实验室和其他检查,自体瓣膜心内膜炎的心电图检查,SP,PO,S,S,P,S,,,book
377,第八篇  风湿性疾病,第五章  系统性红斑狼疮,【实验室和其他辅助检查】,（六）X线及影像学检查,,,系统性红斑狼疮的实验室和其他辅助检查,系统性红斑狼疮的X线及影像学检查,SP,PO,S,P,S,,,,book
378,第四篇  消化系统疾病,第二十章  胰腺炎,第一节  急性胰腺炎,【病理】,（二）胰腺局部并发症,,急性胰腺炎的病理,急性胰腺炎胰腺局部并发症,SP,PO,S,S,P,S,,,book
379,第九篇  理化因素所致疾病,第二章  中毒,第八节  有机溶剂中毒,【中毒表现】,（四）肾脏损害,,有机溶剂中毒的中毒表现,有机溶剂中毒的肾脏损害,SP,PO,S,S,P,S,,,book
380,第八篇  风湿性疾病,第五章  系统性红斑狼疮,【实验室和其他辅助检查】,（三）补体,,,系统性红斑狼疮的实验室和其他辅助检查,系统性红斑狼疮的补体,SP,PO,S,P,S,,,,book
381,第九篇  理化因素所致疾病,第二章  中毒,第五节  镇静催眠药中毒,【发病机制】,（三）耐受性、依赖性和戒断综合征,,镇静催眠药中毒的发病机制,镇静催眠药中毒的耐受性、依赖性和戒断综合征,SP,PO,S,S,P,S,,,book
382,第二篇  呼吸系统疾病,第八章  肺癌,【治疗】,（三）放射治疗（放疗）,,, 肺癌的治疗, 肺癌的放射治疗（放疗）,SP,PO,S,P,S,,,,book
383,第七篇  内分泌和代谢性疾病,第一章  总论,第一节  内分泌疾病,【基础知识】,（四）激素合成,,内分泌疾病的基础知识,激素合成的概述,S,PO,S,S,P,S,,,book
384,第九篇  理化因素所致疾病,第二章  中毒,第一节  概述,【临床表现】,（二）慢性中毒,,中毒的临床表现,慢性中毒的临床表现,SP,S,S,S,P,S,,,book
385,第九篇  理化因素所致疾病,第二章  中毒,第五节  镇静催眠药中毒,【治疗】,（二）慢性中毒的治疗原则,,镇静催眠药中毒的治疗,慢性中毒的治疗原则,SP,PO,S,S,P,S,,,book
386,第五篇  泌尿系统疾病,第二章  原发性肾小球疾病,第五节  肾病综合征,【治疗】,（四）并发症防治,,肾病综合征的治疗方法,肾病综合征的并发症防治,SP,PO,S,S,P,S,,,book
387,第七篇  内分泌和代谢性疾病,第一章  总论,第一节  内分泌疾病,【基础知识】,（五）激素血液运输,,内分泌疾病的基础知识,内分泌疾病的基础知识：激素血液运输,SPO,PO,S,S,P,S,,,book
388,第五篇  泌尿系统疾病,第十一章  肾脏替代治疗,【肾移植】,（三）移植物排斥反应,,,肾脏替代治疗肾移植,肾移植移植物排斥反应,SP,PO,S,P,S,,,,book
389,第七篇  内分泌和代谢性疾病,第二十五章  肥胖症,【诊断与鉴别诊断】,（二）鉴别诊断,,,肥胖症的断与鉴别诊断,肥胖症的鉴别诊断,SP,PO,S,P,S,,,,book
390,第七篇  内分泌和代谢性疾病,第二十五章  肥胖症,【治疗】,（一）治疗性生活方式改变,,,肥胖症的治疗方法,肥胖症治疗性生活方式改变,SP,PO,S,P,S,,,,book
391,第四篇  消化系统疾病,第二十章  胰腺炎,第二节  慢性胰腺炎,【治疗】,（二）胰腺外分泌功能不全,,慢性胰腺炎的治疗方法,胰腺外分泌功能不全的治疗方法,SP,S,S,S,P,O,,,book
392,第七篇  内分泌和代谢性疾病,第二十四章  血脂异常和脂蛋白异常血症,【治疗】,（三）药物治疗,,,血脂异常和脂蛋白异常血症的治疗方法,血脂异常和脂蛋白异常血症的药物治疗,SP,PO,S,P,S,,,,book
393,第四篇  消化系统疾病,第八章  炎症性肠病,第一节  溃疡性结肠炎,【临床表现】,（三）肠外表现,,溃疡性结肠炎的临床表现,溃疡性结肠炎的临床表现：肠外表现,SPO,PO,S,S,P,S,,,book
394,第三篇  循环系统疾病,第二章  心力衰竭,第三节  急性心力衰竭,【治疗】,（四）非药物治疗,,急性心力衰竭的治疗方法,急性心力衰竭的非药物治疗,SP,PO,S,S,P,S,,,book
395,第三篇  循环系统疾病,第一章  总论,二、心血管疾病的诊断,【症状、体征和实验室检查】,（一）症状,,心血管疾病的症状、体征和实验室检查,心血管疾病的症状,SP,PO,NO,NO,P,S,,,book
396,第九篇  理化因素所致疾病,第二章  中毒,第二节  农药中毒,一、急性有机磷杀虫药中毒,【临床表现】,（二）迟发性多发神经病,急性有机磷杀虫药中毒的临床表现,迟发性多发神经病的临床表现,SP,S,S,S,S,P,S,,book
397,第七篇  内分泌和代谢性疾病,第二十二章  糖尿病,第一节  糖尿病,【糖尿病分型】,（一）1型糖尿病（type 1 diabetes mellitus，T1DM）,,糖尿病的分型,1型糖尿病的概述,S,PO,S,S,P,S,,,book
398,第七篇  内分泌和代谢性疾病,第二十二章  糖尿病,第一节  糖尿病,【糖尿病分型】,（二）2型糖尿病（type 2 diabetes mellitus，T2DM）,,糖尿病的分型,2型糖尿病的概述,S,PO,S,S,P,S,,,book
399,第七篇  内分泌和代谢性疾病,第二十二章  糖尿病,第一节  糖尿病,【糖尿病分型】,（三）其他特殊类型糖尿病,,糖尿病的分型,其他特殊类型糖尿病的概述,S,PO,S,S,P,S,,,book
400,第七篇  内分泌和代谢性疾病,第二十二章  糖尿病,第一节  糖尿病,【糖尿病分型】,（四）妊娠糖尿病（gestational diabetes mellitus，GDM）,,糖尿病的分型,妊娠糖尿病的概述,S,PO,S,S,P,S,,,book
401,第四篇  消化系统疾病,第十四章  药物性肝病,【临床分型】,（一）固有型和特异质型,,,药物性肝病的临床分型,固有型和特异质型的药物性肝病,S,PO,S,P,S,,,,book
402,第四篇  消化系统疾病,第十四章  药物性肝病,【临床分型】,（二）急性和慢性,,,药物性肝病的临床分型,急性和慢性的药物性肝病,S,PO,S,P,S,,,,book
403,第四篇  消化系统疾病,第十四章  药物性肝病,【临床分型】,（三）肝细胞损伤型、胆汁淤积型、混合型和肝血管损伤型,,,药物性肝病的临床分型,肝细胞损伤型、胆汁淤积型、混合型和肝血管损伤型的药物性肝病,S,PO,S,P,S,,,,book
404,第四篇  消化系统疾病,第六章  胃,【病因和发病机制】,（一）感染因素,,,胃的病因和发病机制,胃的病因和发病机制：感染因素,SPO,PO,S,P,S,,,,book
405,第四篇  消化系统疾病,第六章  胃,【病因和发病机制】,（二）环境和饮食因素,,,胃的病因和发病机制,胃的病因和发病机制：环境和饮食因素,SPO,PO,S,P,S,,,,book
406,第四篇  消化系统疾病,第六章  胃,【病因和发病机制】,（三）遗传因素,,,胃的病因和发病机制,胃的病因和发病机制：遗传因素,SPO,PO,S,P,S,,,,book
407,第四篇  消化系统疾病,第六章  胃,【病因和发病机制】,（四）癌前变化,,,胃的病因和发病机制,胃的病因和发病机制：癌前变化,SPO,PO,S,P,S,,,,book
408,第四篇  消化系统疾病,第九章  结直肠癌,【病因和发病机制】,（一）环境因素,,,结直肠癌的病因和发病机制,结直肠癌的病因和发病机制：环境因素,SPO,PO,S,P,S,,,,book
409,第四篇  消化系统疾病,第九章  结直肠癌,【病因和发病机制】,（二）遗传因素,,,结直肠癌的病因和发病机制,结直肠癌的病因和发病机制：遗传因素,SPO,PO,S,P,S,,,,book
410,第四篇  消化系统疾病,第九章  结直肠癌,【病因和发病机制】,（三）高危因素,,,结直肠癌的病因和发病机制,结直肠癌的病因和发病机制：高危因素,SPO,PO,S,P,S,,,,book
411,第五篇  泌尿系统疾病,第四章  间质性肾炎,第一节  急性间质性肾炎,【病因和发病机制】,（二）全身性感染,,急性间质性肾炎的病因和发病机制,全身性感染的急性间质性肾炎的病因和发病机制,SP,S,S,S,P,S,,,book
412,第五篇  泌尿系统疾病,第四章  间质性肾炎,第一节  急性间质性肾炎,【病因和发病机制】,（三）原发肾脏感染,,急性间质性肾炎的病因和发病机制,原发肾脏感染的急性间质性肾炎的病因和发病机制,SP,S,S,S,P,S,,,book
413,第五篇  泌尿系统疾病,第四章  间质性肾炎,第一节  急性间质性肾炎,【病因和发病机制】,（四）免疫性,,急性间质性肾炎的病因和发病机制,免疫性的急性间质性肾炎的病因和发病机制,SP,S,S,S,P,S,,,book
414,第五篇  泌尿系统疾病,第四章  间质性肾炎,第一节  急性间质性肾炎,【病因和发病机制】,（五）特发性,,急性间质性肾炎的病因和发病机制,特发性的急性间质性肾炎的病因和发病机制,SP,S,S,S,P,S,,,book
415,第三篇  循环系统疾病,第二章  心力衰竭,第二节  慢性心力衰竭,【临床表现】,（一）左心衰竭,,慢性心力衰竭的临床表现,左心衰竭的临床表现,SP,S,S,S,P,S,,,book
416,第三篇  循环系统疾病,第二章  心力衰竭,第二节  慢性心力衰竭,【临床表现】,（二）右心衰竭,,慢性心力衰竭的临床表现,右心衰竭的临床表现,SP,S,S,S,P,S,,,book
417,第三篇  循环系统疾病,第二章  心力衰竭,第二节  慢性心力衰竭,【临床表现】,（三）全心衰竭,,慢性心力衰竭的临床表现,全心衰竭的临床表现,SP,S,S,S,P,S,,,book
418,第四篇  消化系统疾病,第三章  食管癌,【临床表现】,（一）早期症状,,,食管癌的临床表现,食管癌的早期症状,SP,S,S,P,S,,,,book
419,第四篇  消化系统疾病,第三章  食管癌,【临床表现】,（二）中晚期症状,,,食管癌的临床表现,食管癌的中晚期症状,SP,S,S,P,S,,,,book
420,第四篇  消化系统疾病,第十八章  肝外胆系结石及炎症,第一节  胆囊结石及胆囊炎,【临床表现】,（一）无症状胆囊结石,,胆囊结石及胆囊炎的临床表现,无症状胆囊结石的临床表现,SP,S,S,S,P,S,,,book
421,第四篇  消化系统疾病,第十八章  肝外胆系结石及炎症,第一节  胆囊结石及胆囊炎,【临床表现】,（二）有症状胆囊结石,,胆囊结石及胆囊炎的临床表现,有症状胆囊结石的临床表现,SP,S,S,S,P,S,,,book
422,第四篇  消化系统疾病,第十八章  肝外胆系结石及炎症,第一节  胆囊结石及胆囊炎,【临床表现】,（三）胆囊结石的并发症,,胆囊结石及胆囊炎的临床表现,胆囊结石的并发症的临床表现,SP,S,S,S,P,S,,,book
423,第四篇  消化系统疾病,第十八章  肝外胆系结石及炎症,第一节  胆囊结石及胆囊炎,【临床表现】,（四）急性非结石性胆囊炎,,胆囊结石及胆囊炎的临床表现,急性非结石性胆囊炎的临床表现,SP,S,S,S,P,S,,,book
424,第四篇  消化系统疾病,第十八章  肝外胆系结石及炎症,第二节  肝外胆管结石及胆管炎,【临床表现】,（一）急性梗阻性化脓性胆管炎,,肝外胆管结石及胆管炎的临床表现,急性梗阻性化脓性胆管炎的临床表现,SP,S,S,S,P,S,,,book
425,第四篇  消化系统疾病,第十八章  肝外胆系结石及炎症,第二节  肝外胆管结石及胆管炎,【临床表现】,（二）急性和慢性胆管炎,,肝外胆管结石及胆管炎的临床表现,急性和慢性胆管炎的临床表现,SP,S,S,S,P,S,,,book
426,第四篇  消化系统疾病,第十八章  肝外胆系结石及炎症,第二节  肝外胆管结石及胆管炎,【临床表现】,（三）肝损伤和胆源性胰腺炎,,肝外胆管结石及胆管炎的临床表现,肝损伤和胆源性胰腺炎的临床表现,SP,S,S,S,P,S,,,book
427,第六篇  血液系统疾病,第九章  白血病,第三节  慢性髓系白血病,【临床表现和实验室检查】,（二）加速期（AP）,,慢性髓系白血病的临床表现和实验室检查,加速期慢性髓系白血病的临床表现和实验室检查,SP,S,S,S,P,S,,,book
428,第六篇  血液系统疾病,第九章  白血病,第三节  慢性髓系白血病,【临床表现和实验室检查】,（三）急变期（BC）,,慢性髓系白血病的临床表现和实验室检查,急变期慢性髓系白血病的临床表现和实验室检查,SP,S,S,S,P,S,,,book
429,第九篇  理化因素所致疾病,第三章  中暑,【临床表现】,（一）热痉挛,,,中暑的临床表现,中暑的临床表现：热痉挛,SPO,S,S,P,S,,,,book
430,第九篇  理化因素所致疾病,第三章  中暑,【临床表现】,（二）热衰竭,,,中暑的临床表现,中暑的临床表现：热衰竭,SPO,S,S,P,S,,,,book
431,第九篇  理化因素所致疾病,第三章  中暑,【临床表现】,（三）热射病,,,中暑的临床表现,中暑的临床表现：热射病,SPO,S,S,P,S,,,,book
432,第一篇  绪论,一、内科学概况,（一）人类医学发展历程,,,,内科学的概况,人类医学发展历程,S,S,NO,NO,,,,7,book
433,第一篇  绪论,一、内科学概况,（二）现代内科学的演变,,,,内科学的概况,现代内科学的演变,S,S,NO,NO,,,,7,book
434,第一篇  绪论,一、内科学概况,（三）21世纪内科学的机遇和挑战,,,,内科学的概况,21世纪内科学的机遇和挑战,S,S,NO,NO,,,,7,book
435,第一篇  绪论,二、如何学习内科学,（一）如何学好内科学,,,,如何学习内科学,如何学好内科学,S,PO,NO,NO,,,,7,book
436,第一篇  绪论,二、如何学习内科学,（二）培养优秀医生的基本素质,,,,如何学习内科学,培养优秀医生的基本素质,S,PO,NO,NO,,,,7,book
437,第二篇  呼吸系统疾病,第二章  急性上呼吸道感染和急性气管-支气管炎,第一节  急性上呼吸道感染,[附]流行性感冒,【临床表现】,,流行性感冒,流行性感冒的临床表现,SP,PO,S,S,S,P,,7,book
438,第二篇  呼吸系统疾病,第二章  急性上呼吸道感染和急性气管-支气管炎,第一节  急性上呼吸道感染,[附]流行性感冒,【治疗】,,流行性感冒,流行性感冒的治疗方法,SP,PO,S,S,S,P,,7,book
439,第二篇  呼吸系统疾病,第二章  急性上呼吸道感染和急性气管-支气管炎,第二节  急性气管-支气管炎,,,,急性上呼吸道感染和急性气管-支气管炎,急性气管-支气管炎,S,S,S,S,,,,7,book
440,第二篇  呼吸系统疾病,第二章  急性上呼吸道感染和急性气管-支气管炎,第二节  急性气管-支气管炎,【临床表现】,,,急性气管-支气管炎,急性气管-支气管炎的临床表现,SP,PO,S,S,P,,,7,book
441,第二篇  呼吸系统疾病,第三章  慢性支气管炎、慢性阻塞性肺疾病,第一节  慢性支气管炎,,,,慢性支气管炎、慢性阻塞性肺疾病,慢性支气管炎,S,S,S,S,,,,7,book
442,第二篇  呼吸系统疾病,第三章  慢性支气管炎、慢性阻塞性肺疾病,第一节  慢性支气管炎,【治疗】,（一）急性加重期的治疗,,慢性支气管炎的治疗方法,急性加重期慢性支气管炎的治疗,SP,S,S,S,P,S,,7,book
443,第二篇  呼吸系统疾病,第三章  慢性支气管炎、慢性阻塞性肺疾病,第一节  慢性支气管炎,【治疗】,（二）缓解期治疗,,慢性支气管炎的治疗方法,缓解期慢性支气管炎的治疗,SP,S,S,S,P,S,,7,book
444,第二篇  呼吸系统疾病,第三章  慢性支气管炎、慢性阻塞性肺疾病,第二节  慢性阻塞性肺疾病,,,,慢性支气管炎、慢性阻塞性肺疾病,慢性阻塞性肺疾病,S,S,S,S,,,,7,book
445,第二篇  呼吸系统疾病,第三章  慢性支气管炎、慢性阻塞性肺疾病,第二节  慢性阻塞性肺疾病,【并发症】,,,慢性阻塞性肺疾病的概述,慢性阻塞性肺疾病的并发症,SP,PO,S,S,P,,,7,book
446,第二篇  呼吸系统疾病,第三章  慢性支气管炎、慢性阻塞性肺疾病,第二节  慢性阻塞性肺疾病,【治疗】,（一）稳定期的治疗,,慢性阻塞性肺疾病的治疗方法,稳定期慢性阻塞性肺疾病的治疗,SP,S,S,S,P,S,,7,book
447,第二篇  呼吸系统疾病,第三章  慢性支气管炎、慢性阻塞性肺疾病,第二节  慢性阻塞性肺疾病,【治疗】,（二）急性加重期治疗,,慢性阻塞性肺疾病的治疗方法,急性加重期慢性阻塞性肺疾病的治疗,SP,S,S,S,P,S,,7,book
448,第二篇  呼吸系统疾病,第三章  慢性支气管炎、慢性阻塞性肺疾病,第二节  慢性阻塞性肺疾病,【治疗】,（三）外科治疗,,慢性阻塞性肺疾病的治疗方法,慢性阻塞性肺疾病的外科治疗,SP,PO,S,S,P,S,,7,book
449,第二篇  呼吸系统疾病,第四章  支气管哮喘,【治疗】,（一）确定并减少危险因素接触,,,支气管哮喘的治疗方法,支气管哮喘的治疗：确定并减少危险因素接触,SPO,PO,S,P,S,,,7,book
450,第二篇  呼吸系统疾病,第四章  支气管哮喘,【治疗】,（二）药物治疗,,,支气管哮喘的治疗方法,支气管哮喘的药物治疗,SP,PO,S,P,S,,,7,book
451,第二篇  呼吸系统疾病,第六章  肺部感染性疾病,第一节  肺炎概述,【分类】,（一）解剖分类,,肺炎的分类,肺炎的解剖分类,SP,PO,S,S,P,S,,7,book
452,第二篇  呼吸系统疾病,第六章  肺部感染性疾病,第一节  肺炎概述,【分类】,（二）病因分类,,肺炎的分类,肺炎的病因分类,SP,PO,S,S,P,S,,7,book
453,第二篇  呼吸系统疾病,第六章  肺部感染性疾病,第一节  肺炎概述,【治疗】,,,肺炎的概述,肺炎的治疗方法,SP,PO,S,S,P,,,7,book
454,第二篇  呼吸系统疾病,第六章  肺部感染性疾病,第二节  细菌性肺炎,一、肺炎链球菌肺炎,【病因和发病机制】,,肺炎链球菌肺炎的概述,肺炎链球菌肺炎的病因和发病机制,SP,PO,S,S,S,P,,7,book
455,第二篇  呼吸系统疾病,第六章  肺部感染性疾病,第二节  细菌性肺炎,一、肺炎链球菌肺炎,【并发症】,,肺炎链球菌肺炎的概述,肺炎链球菌肺炎的并发症,SP,PO,S,S,S,P,,7,book
456,第二篇  呼吸系统疾病,第六章  肺部感染性疾病,第二节  细菌性肺炎,二、葡萄球菌肺炎,【病理】,,葡萄球菌肺炎的概述,葡萄球菌肺炎的病理,SP,PO,S,S,S,P,,7,book
457,第二篇  呼吸系统疾病,第六章  肺部感染性疾病,第二节  细菌性肺炎,二、葡萄球菌肺炎,【临床表现】,,葡萄球菌肺炎的概述,葡萄球菌肺炎的临床表现,SP,PO,S,S,S,P,,7,book
458,第二篇  呼吸系统疾病,第六章  肺部感染性疾病,第二节  细菌性肺炎,二、葡萄球菌肺炎,【治疗】,,葡萄球菌肺炎的概述,葡萄球菌肺炎的治疗方法,SP,PO,S,S,S,P,,7,book
459,第二篇  呼吸系统疾病,第六章  肺部感染性疾病,第三节  其他病原体所致肺部感染,一、肺炎支原体肺炎,,,其他病原体所致肺部感染,肺炎支原体肺炎的概述,S,S,S,S,S,,,7,book
460,第二篇  呼吸系统疾病,第六章  肺部感染性疾病,第三节  其他病原体所致肺部感染,一、肺炎支原体肺炎,【病因和发病机制】,,肺炎支原体肺炎的概述,肺炎支原体肺炎的病因和发病机制,SP,PO,S,S,S,P,,7,book
461,第二篇  呼吸系统疾病,第六章  肺部感染性疾病,第三节  其他病原体所致肺部感染,三、病毒性肺炎,【病因和发病机制】,,病毒性肺炎,病毒性肺炎的病因和发病机制,SP,PO,S,S,S,P,,7,book
462,第二篇  呼吸系统疾病,第六章  肺部感染性疾病,第三节  其他病原体所致肺部感染,四、肺真菌病,（一）肺念珠菌病,,肺真菌病的概述,肺念珠菌病的概述,S,S,S,S,S,S,,7,book
463,第二篇  呼吸系统疾病,第六章  肺部感染性疾病,第三节  其他病原体所致肺部感染,四、肺真菌病,（二）肺曲霉病,,肺真菌病的概述,肺曲霉病,S,S,S,S,S,S,,7,book
464,第二篇  呼吸系统疾病,第六章  肺部感染性疾病,第三节  其他病原体所致肺部感染,四、肺真菌病,（三）肺隐球菌病,,肺真菌病的概述,肺隐球菌病的概述,S,S,S,S,S,S,,7,book
465,第二篇  呼吸系统疾病,第七章  肺结核,【其他治疗】,,,,肺结核的概述,肺结核的其他治疗方法,SP,PO,S,P,,,,7,book
466,第二篇  呼吸系统疾病,第八章  肺癌,【病因和发病机制】,（一）吸烟,,,肺癌的病因和发病机制,肺癌的病因和发病机制：吸烟,SPO,PO,S,P,S,,,7,book
467,第二篇  呼吸系统疾病,第八章  肺癌,【病因和发病机制】,（二）职业致癌因子,,,肺癌的病因和发病机制,肺癌的病因和发病机制：职业致癌因子,SPO,PO,S,P,S,,,7,book
468,第二篇  呼吸系统疾病,第八章  肺癌,【病因和发病机制】,（三）空气污染,,,肺癌的病因和发病机制,肺癌的病因和发病机制：空气污染,SPO,PO,S,P,S,,,7,book
469,第二篇  呼吸系统疾病,第八章  肺癌,【病因和发病机制】,（四）电离辐射,,,肺癌的病因和发病机制,肺癌的病因和发病机制：电离辐射,SPO,PO,S,P,S,,,7,book
470,第二篇  呼吸系统疾病,第八章  肺癌,【病因和发病机制】,（五）饮食与体力活动,,,肺癌的病因和发病机制,肺癌的病因和发病机制：饮食与体力活动,SPO,PO,S,P,S,,,7,book
471,第二篇  呼吸系统疾病,第八章  肺癌,【病因和发病机制】,（六）遗传和基因改变,,,肺癌的病因和发病机制,肺癌的病因和发病机制：遗传和基因改变,SPO,PO,S,P,S,,,7,book
472,第二篇  呼吸系统疾病,第八章  肺癌,【病因和发病机制】,（七）其他因素,,,肺癌的病因和发病机制,肺癌的病因和发病机制：其他因素,SPO,PO,S,P,S,,,7,book
473,第二篇  呼吸系统疾病,第八章  肺癌,【分类】,（一）按解剖学部位分类,,,肺癌的分类,肺癌的按解剖学部位分类,SP,PO,S,P,S,,,7,book
474,第二篇  呼吸系统疾病,第八章  肺癌,【分类】,（二）按组织病理学分类,,,肺癌的分类,肺癌的按组织病理学分类,SP,PO,S,P,S,,,7,book
475,第二篇  呼吸系统疾病,第九章  间质性肺疾病,第一节  间质性肺疾病的分类,【诊断】,（一）临床表现,,间质性肺疾病的分类,间质性肺疾病的分类诊断：临床表现,SPO,PO,S,S,P,S,,7,book
476,第二篇  呼吸系统疾病,第九章  间质性肺疾病,第一节  间质性肺疾病的分类,【诊断】,（二）影像学评价,,间质性肺疾病的分类,间质性肺疾病的分类诊断：影像学评价,SPO,PO,S,S,P,S,,7,book
477,第二篇  呼吸系统疾病,第九章  间质性肺疾病,第一节  间质性肺疾病的分类,【诊断】,（三）肺功能,,间质性肺疾病的分类,间质性肺疾病的分类诊断：肺功能,SPO,PO,S,S,P,S,,7,book
478,第二篇  呼吸系统疾病,第九章  间质性肺疾病,第一节  间质性肺疾病的分类,【诊断】,（四）实验室检查,,间质性肺疾病的分类,间质性肺疾病的分类诊断：实验室检查,SPO,PO,S,S,P,S,,7,book
479,第二篇  呼吸系统疾病,第九章  间质性肺疾病,第一节  间质性肺疾病的分类,【诊断】,（五）支气管镜检查,,间质性肺疾病的分类,间质性肺疾病的分类诊断：支气管镜检查,SPO,PO,S,S,P,S,,7,book
480,第二篇  呼吸系统疾病,第九章  间质性肺疾病,第一节  间质性肺疾病的分类,【诊断】,（六）外科肺活检,,间质性肺疾病的分类,间质性肺疾病的分类诊断：外科肺活检,SPO,PO,S,S,P,S,,7,book
481,第二篇  呼吸系统疾病,第九章  间质性肺疾病,第三节  结节病,【临床表现】,（一）急性结节病,,结节病的临床表现,急性结节病的临床表现,SP,S,S,S,P,S,,7,book
482,第二篇  呼吸系统疾病,第九章  间质性肺疾病,第三节  结节病,【临床表现】,（二）亚急性/慢性结节病,,结节病的临床表现,亚急性/慢性结节病的临床表现,SP,S,S,S,P,S,,7,book
483,第二篇  呼吸系统疾病,第九章  间质性肺疾病,第三节  结节病,【辅助检查】,（三）纤维支气管镜与支气管肺泡灌洗,,结节病的辅助检查,结节病的辅助检查：纤维支气管镜与支气管肺泡灌洗,SPO,PO,S,S,P,S,,7,book
484,第二篇  呼吸系统疾病,第九章  间质性肺疾病,第三节  结节病,【辅助检查】,（五）结核菌素试验,,结节病的辅助检查,结节病的辅助检查：结核菌素试验,SPO,PO,S,S,P,S,,7,book
485,第二篇  呼吸系统疾病,第十一章  肺动脉高压与肺源性心脏病,第二节  特发性肺动脉高压,【治疗】,（二）支持治疗,,特发性肺动脉高压的治疗方法,特发性肺动脉高压的支持治疗,SP,PO,S,S,P,S,,7,book
486,第二篇  呼吸系统疾病,第十一章  肺动脉高压与肺源性心脏病,第二节  特发性肺动脉高压,【治疗】,（三）肺或心肺移植,,特发性肺动脉高压的治疗方法,特发性肺动脉高压的治疗：肺或心肺移植,SPO,PO,S,S,P,S,,7,book
487,第二篇  呼吸系统疾病,第十一章  肺动脉高压与肺源性心脏病,第三节  慢性肺源性心脏病,【发病机制和病理生理改变】,（三）其他重要脏器的损害,,慢性肺源性心脏病的发病机制和病理生理改变,慢性肺源性心脏病的发病机制和病理生理改变：其他重要脏器的损害,SPO,S,S,S,P,S,,7,book
488,第二篇  呼吸系统疾病,第十一章  肺动脉高压与肺源性心脏病,第三节  慢性肺源性心脏病,【临床表现】,（一）肺、心功能代偿期,,慢性肺源性心脏病的临床表现,肺、心功能代偿期慢性肺源性心脏病的临床表现,SP,S,S,S,P,S,,7,book
489,第二篇  呼吸系统疾病,第十一章  肺动脉高压与肺源性心脏病,第三节  慢性肺源性心脏病,【临床表现】,（二）肺、心功能失代偿期,,慢性肺源性心脏病的临床表现,肺、心功能失代偿期慢性肺源性心脏病的临床表现,SP,S,S,S,P,S,,7,book
490,第二篇  呼吸系统疾病,第十一章  肺动脉高压与肺源性心脏病,第三节  慢性肺源性心脏病,【治疗】,（一）肺、心功能代偿期,,慢性肺源性心脏病的治疗方法,肺、心功能代偿期慢性肺源性心脏病的治疗方法,SP,S,S,S,P,S,,7,book
491,第二篇  呼吸系统疾病,第十一章  肺动脉高压与肺源性心脏病,第三节  慢性肺源性心脏病,【治疗】,（二）肺、心功能失代偿期,,慢性肺源性心脏病的治疗方法,肺、心功能失代偿期慢性肺源性心脏病的治疗方法,SP,S,S,S,P,S,,7,book
492,第二篇  呼吸系统疾病,第十二章  胸膜疾病,第一节  胸腔积液,【实验室和其他检查】,（一）诊断性胸腔穿刺和胸腔积液检查,,胸腔积液的实验室和其他检查,胸腔积液的诊断性胸腔穿刺和胸腔积液检查,SP,PO,S,S,P,S,,7,book
493,第二篇  呼吸系统疾病,第十二章  胸膜疾病,第一节  胸腔积液,【实验室和其他检查】,（二）X线和核素检查,,胸腔积液的实验室和其他检查,胸腔积液的X线和核素检查,SP,PO,S,S,P,S,,7,book
494,第二篇  呼吸系统疾病,第十二章  胸膜疾病,第一节  胸腔积液,【实验室和其他检查】,（三）超声检查,,胸腔积液的实验室和其他检查,胸腔积液的超声检查,SP,PO,S,S,P,S,,7,book
495,第二篇  呼吸系统疾病,第十二章  胸膜疾病,第一节  胸腔积液,【实验室和其他检查】,（四）胸膜针刺活检,,胸腔积液的实验室和其他检查,胸腔积液的实验室和其他检查：胸膜针刺活检,SPO,PO,S,S,P,S,,7,book
496,第二篇  呼吸系统疾病,第十二章  胸膜疾病,第一节  胸腔积液,【实验室和其他检查】,（五）胸腔镜或开胸活检,,胸腔积液的实验室和其他检查,胸腔积液的实验室和其他检查：胸腔镜或开胸活检,SPO,PO,S,S,P,S,,7,book
497,第二篇  呼吸系统疾病,第十二章  胸膜疾病,第一节  胸腔积液,【实验室和其他检查】,（六）支气管镜,,胸腔积液的实验室和其他检查,胸腔积液的实验室和其他检查：支气管镜,SPO,PO,S,S,P,S,,7,book
498,第二篇  呼吸系统疾病,第十二章  胸膜疾病,第二节  气胸,【治疗】,（一）保守治疗,,气胸的治疗方法,气胸的保守治疗,SP,PO,S,S,P,S,,7,book
499,第二篇  呼吸系统疾病,第十二章  胸膜疾病,第二节  气胸,【治疗】,（二）排气疗法,,气胸的治疗方法,气胸的排气疗法,SP,PO,S,S,P,S,,7,book
500,第二篇  呼吸系统疾病,第十二章  胸膜疾病,第二节  气胸,【治疗】,（四）支气管内封堵术,,气胸的治疗方法,气胸的治疗：支气管内封堵术,SP,PO,S,S,P,S,,7,book
501,第二篇  呼吸系统疾病,第十二章  胸膜疾病,第二节  气胸,【治疗】,（五）手术治疗,,气胸的治疗方法,气胸的手术治疗,SP,PO,S,S,P,S,,7,book
502,第二篇  呼吸系统疾病,第十二章  胸膜疾病,第二节  气胸,【治疗】,（六）并发症及其处理,,气胸的治疗方法,气胸的并发症及其处理,SP,PO,S,S,P,S,,7,book
503,第二篇  呼吸系统疾病,第十五章  呼吸衰竭与呼吸支持技术,【病因】,（一）气道阻塞性病变,,,呼吸衰竭的病因,呼吸衰竭的病因：气道阻塞性病变,SPO,PO,S,P,S,,,7,book
504,第二篇  呼吸系统疾病,第十五章  呼吸衰竭与呼吸支持技术,【病因】,（二）肺组织病变,,,呼吸衰竭的病因,呼吸衰竭的病因：肺组织病变,SPO,PO,S,P,S,,,7,book
505,第二篇  呼吸系统疾病,第十五章  呼吸衰竭与呼吸支持技术,【病因】,（三）肺血管疾病,,,呼吸衰竭的病因,呼吸衰竭的病因：肺血管疾病,SPO,PO,S,P,S,,,7,book
506,第二篇  呼吸系统疾病,第十五章  呼吸衰竭与呼吸支持技术,第三节  呼吸支持技术,[附2]呼吸康复概述,三、呼吸康复的主要内容,（一）病人全面评估,呼吸康复的主要内容,呼吸康复的主要内容：病人全面评估,SPO,PO,S,S,S,S,,7,book
507,第二篇  呼吸系统疾病,第十五章  呼吸衰竭与呼吸支持技术,第三节  呼吸支持技术,[附2]呼吸康复概述,三、呼吸康复的主要内容,（二）运动治疗方法,呼吸康复的主要内容,呼吸康复的主要内容：运动治疗方法,SPO,PO,S,S,S,S,,7,book
508,第二篇  呼吸系统疾病,第十五章  呼吸衰竭与呼吸支持技术,第三节  呼吸支持技术,[附2]呼吸康复概述,三、呼吸康复的主要内容,（三）自我管理策略,呼吸康复的主要内容,呼吸康复的主要内容：自我管理策略,SPO,PO,S,S,S,S,,7,book
509,第三篇  循环系统疾病,第一章  总论,一、心脏的解剖和生理,【心脏的解剖】,（一）心脏结构,,心脏的解剖,心脏的解剖：心脏结构,SPO,PO,NO,NO,S,S,,7,book
510,第三篇  循环系统疾病,第一章  总论,一、心脏的解剖和生理,【心脏的解剖】,（二）心脏传导系统,,心脏的解剖,心脏的解剖：心脏传导系统,SPO,PO,NO,NO,S,S,,7,book
511,第三篇  循环系统疾病,第一章  总论,一、心脏的解剖和生理,【心脏的解剖】,（三）冠状动脉,,心脏的解剖,心脏的解剖：冠状动脉,SPO,PO,NO,NO,S,S,,7,book
512,第三篇  循环系统疾病,第三章  心律失常,第一节  概述,【心律失常的分类】,（一）冲动形成异常,,心律失常的分类,心律失常的分类：冲动形成异常,SPO,PO,S,S,P,S,,7,book
513,第三篇  循环系统疾病,第三章  心律失常,第一节  概述,【心律失常的分类】,（二）冲动传导异常,,心律失常的分类,心律失常的分类：冲动传导异常,SPO,PO,S,S,P,S,,7,book
514,第三篇  循环系统疾病,第三章  心律失常,第一节  概述,【心律失常发生机制】,（一）冲动形成异常,,心律失常发生机制,冲动形成异常的发生机制,SP,S,S,S,P,S,,7,book
515,第三篇  循环系统疾病,第三章  心律失常,第一节  概述,【心律失常发生机制】,（二）冲动传导异常,,心律失常发生机制,冲动传导异常的发生机制,SP,S,S,S,P,S,,7,book
516,第三篇  循环系统疾病,第三章  心律失常,第三节  房性心律失常,四、心房颤动,【治疗】,（一）抗凝治疗,心房颤动的治疗方法,心房颤动的抗凝治疗,SP,PO,S,S,S,P,S,7,book
517,第三篇  循环系统疾病,第三章  心律失常,第三节  房性心律失常,四、心房颤动,【治疗】,（二）转复并维持窦性心律,心房颤动的治疗方法,心房颤动的治疗：转复并维持窦性心律,SPO,PO,S,S,S,P,S,7,book
518,第三篇  循环系统疾病,第三章  心律失常,第三节  房性心律失常,四、心房颤动,【治疗】,（三）控制心室率,心房颤动的治疗方法,心房颤动的治疗：控制心室率,SPO,PO,S,S,S,P,S,7,book
519,第三篇  循环系统疾病,第三章  心律失常,第四节  房室交界区性心律失常,四、房室交界区相关的折返性心动过速,（一）房室结折返性心动过速,【临床表现】,房室结折返性心动过速,房室结折返性心动过速的临床表现,SP,PO,S,S,S,S,P,7,book
520,第三篇  循环系统疾病,第三章  心律失常,第四节  房室交界区性心律失常,四、房室交界区相关的折返性心动过速,（一）房室结折返性心动过速,【心电图特征】,房室结折返性心动过速,房室结折返性心动过速之心电图特征,SP,PO,S,S,S,S,P,7,book
521,第三篇  循环系统疾病,第三章  心律失常,第四节  房室交界区性心律失常,四、房室交界区相关的折返性心动过速,（一）房室结折返性心动过速,【心电生理检查】,房室结折返性心动过速,房室结折返性心动过速之心电生理检查,SP,PO,S,S,S,S,P,7,book
522,第三篇  循环系统疾病,第三章  心律失常,第四节  房室交界区性心律失常,四、房室交界区相关的折返性心动过速,（一）房室结折返性心动过速,【治疗】,房室结折返性心动过速,房室结折返性心动过速的治疗,SP,PO,S,S,S,S,P,7,book
523,第三篇  循环系统疾病,第三章  心律失常,第五节  室性心律失常,一、室性期前收缩,【治疗】,（一）无器质性心脏病,室性期前收缩的治疗方法,无器质性心脏病室性期前收缩的治疗方法,SP,S,S,S,S,P,O,7,book
524,第三篇  循环系统疾病,第三章  心律失常,第五节  室性心律失常,一、室性期前收缩,【治疗】,（二）器质性心脏病,室性期前收缩的治疗方法,器质性心脏病室性期前收缩的治疗,SP,S,S,S,S,P,O,7,book
525,第三篇  循环系统疾病,第三章  心律失常,第五节  室性心律失常,一、室性期前收缩,【治疗】,（三）导管消融治疗,室性期前收缩的治疗方法,室性期前收缩的导管消融治疗,SP,PO,S,S,S,P,S,7,book
526,第三篇  循环系统疾病,第三章  心律失常,第六节  心脏传导阻滞,一、房室阻滞,【心电图特征】,（一）一度房室阻滞,房室阻滞的心电图特征,房室阻滞的心电图特征：一度房室阻滞,SPO,PO,S,S,S,P,O,7,book
527,第三篇  循环系统疾病,第三章  心律失常,第六节  心脏传导阻滞,一、房室阻滞,【心电图特征】,（二）二度房室阻滞,房室阻滞的心电图特征,房室阻滞的心电图特征：二度房室阻滞,SPO,PO,S,S,S,P,O,7,book
528,第三篇  循环系统疾病,第三章  心律失常,第六节  心脏传导阻滞,一、房室阻滞,【心电图特征】,（三）三度（完全性）房室阻滞,房室阻滞的心电图特征,房室阻滞的心电图特征：三度（完全性）房室阻滞,SPO,PO,S,S,S,P,O,7,book
529,第三篇  循环系统疾病,第四章  动脉粥样硬化和冠状动脉粥样硬化性心脏病,第四节  急性冠状动脉综合征,二、急性ST段抬高型心肌梗死,【临床表现】,（一）先兆,急性ST段抬高型心肌梗死的临床表现,急性ST段抬高型心肌梗死的先兆,SP,PO,S,S,S,P,S,7,book
530,第三篇  循环系统疾病,第四章  动脉粥样硬化和冠状动脉粥样硬化性心脏病,第四节  急性冠状动脉综合征,二、急性ST段抬高型心肌梗死,【临床表现】,（二）症状,急性ST段抬高型心肌梗死的临床表现,急性ST段抬高型心肌梗死的症状,SP,PO,S,S,S,P,S,7,book
531,第三篇  循环系统疾病,第四章  动脉粥样硬化和冠状动脉粥样硬化性心脏病,第四节  急性冠状动脉综合征,二、急性ST段抬高型心肌梗死,【临床表现】,（三）体征,急性ST段抬高型心肌梗死的临床表现,急性ST段抬高型心肌梗死的体征,SP,PO,S,S,S,P,S,7,book
532,第三篇  循环系统疾病,第四章  动脉粥样硬化和冠状动脉粥样硬化性心脏病,第四节  急性冠状动脉综合征,二、急性ST段抬高型心肌梗死,【治疗】,（三）抗血小板治疗,急性ST段抬高型心肌梗死的治疗方法,急性ST段抬高型心肌梗死的抗血小板治疗,SP,PO,S,S,S,P,S,7,book
533,第三篇  循环系统疾病,第四章  动脉粥样硬化和冠状动脉粥样硬化性心脏病,第四节  急性冠状动脉综合征,二、急性ST段抬高型心肌梗死,【治疗】,（四）抗凝治疗,急性ST段抬高型心肌梗死的治疗方法,急性ST段抬高型心肌梗死的抗凝治疗,SP,PO,S,S,S,P,S,7,book
534,第三篇  循环系统疾病,第四章  动脉粥样硬化和冠状动脉粥样硬化性心脏病,第四节  急性冠状动脉综合征,二、急性ST段抬高型心肌梗死,【治疗】,（六）血管紧张素转换酶抑制剂或血管紧张素受体拮抗剂,急性ST段抬高型心肌梗死的治疗方法,急性ST段抬高型心肌梗死的治疗：血管紧张素转换酶抑制剂或血管紧张素受体拮抗剂,SPO,PO,S,S,S,P,S,7,book
535,第三篇  循环系统疾病,第四章  动脉粥样硬化和冠状动脉粥样硬化性心脏病,第四节  急性冠状动脉综合征,二、急性ST段抬高型心肌梗死,【治疗】,（九）抗休克治疗,急性ST段抬高型心肌梗死的治疗方法,急性ST段抬高型心肌梗死的抗休克治疗,SP,PO,S,S,S,P,S,7,book
536,第四篇  消化系统疾病,第五章  消化性溃疡,【并发症】,（三）幽门梗阻,,,消化性溃疡的并发症,消化性溃疡的并发症：幽门梗阻,SPO,PO,S,P,S,,,7,book
537,第四篇  消化系统疾病,第五章  消化性溃疡,【并发症】,（四）癌变,,,消化性溃疡的并发症,消化性溃疡的并发症：癌变,SPO,PO,S,P,S,,,7,book
538,第四篇  消化系统疾病,第二十二章  腹痛,【临床表现】,（四）发作时间,,,腹痛的临床表现,腹痛的临床表现：发作时间,SP,PO,S,P,S,,,7,book
539,第五篇  泌尿系统疾病,第十一章  肾脏替代治疗,【肾移植】,,,,肾脏替代治疗,肾脏替代治疗：肾移植,SPO,PO,NO,S,,,,7,book
540,第六篇  血液系统疾病,第六章  溶血性贫血,第一节  概述,【发病机制】,（一）红细胞破坏增加,,溶血性贫血的发病机制,溶血性贫血的发病机制：红细胞破坏增加,SPO,PO,S,S,P,S,,7,book
541,第六篇  血液系统疾病,第六章  溶血性贫血,第一节  概述,【发病机制】,（二）红系代偿性增生,,溶血性贫血的发病机制,溶血性贫血的发病机制：红系代偿性增生,SPO,PO,S,S,P,S,,7,book
542,第六篇  血液系统疾病,第六章  溶血性贫血,第五节  自身免疫性溶血性贫血,一、温抗体型AIHA,【治疗】,（一）病因治疗,温抗体型AIHA的治疗,温抗体型AIHA的病因治疗,SP,PO,S,S,S,P,S,7,book
543,第六篇  血液系统疾病,第六章  溶血性贫血,第五节  自身免疫性溶血性贫血,一、温抗体型AIHA,【治疗】,（二）控制溶血发作,温抗体型AIHA的治疗,温抗体型AIHA的治疗：控制溶血发作,SPO,PO,S,S,S,P,S,7,book
544,第六篇  血液系统疾病,第六章  溶血性贫血,第五节  自身免疫性溶血性贫血,一、温抗体型AIHA,【治疗】,（三）输血,温抗体型AIHA的治疗,温抗体型AIHA的治疗：输血,SPO,PO,S,S,S,P,S,7,book
545,第六篇  血液系统疾病,第十七章  弥漫性血管内凝血,【病因】,（二）恶性肿瘤,,,弥漫性血管内凝血的病因,弥漫性血管内凝血的病因：恶性肿瘤,SPO,PO,S,P,,,,7,book
546,第七篇  内分泌和代谢性疾病,第四章  肢端肥大症和巨人症,【临床表现】,（二）GH瘤压迫表现,,,肢端肥大症和巨人症的临床表现,肢端肥大症和巨人症的临床表现：GH瘤压迫表现,SPO,PO,S,P,S,,,7,book
547,第七篇  内分泌和代谢性疾病,第九章  非毒性甲状腺肿,第二节  非毒性多结节性甲状腺肿,【临床表现】,,,非毒性多结节性甲状腺肿的概述,非毒性多结节性甲状腺肿的临床表现,SP,PO,S,S,P,,,7,book
548,第七篇  内分泌和代谢性疾病,第九章  非毒性甲状腺肿,第二节  非毒性多结节性甲状腺肿,【治疗】,,,非毒性多结节性甲状腺肿的概述,非毒性多结节性甲状腺肿的治疗方法,SP,PO,S,S,P,,,7,book
549,第七篇  内分泌和代谢性疾病,第十五章  原发性醛固酮增多症,【鉴别诊断】,（一）非醛固酮所致盐皮质激素过多综合征,,,原发性醛固酮增多症的鉴别诊断,非醛固酮所致盐皮质激素过多综合征的鉴别诊断,SP,S,S,P,S,,,7,book
550,第七篇  内分泌和代谢性疾病,第二十二章  糖尿病,第一节  糖尿病,【并发症】,（一）急性严重代谢紊乱,,糖尿病的并发症,糖尿病的并发症：急性严重代谢紊乱,SPO,PO,S,S,P,S,,7,book
551,第七篇  内分泌和代谢性疾病,第二十二章  糖尿病,第一节  糖尿病,【并发症】,（三）慢性并发症,,糖尿病的并发症,糖尿病的并发症：慢性并发症,SPO,PO,S,S,P,S,,7,book
552,第七篇  内分泌和代谢性疾病,第二十六章  水、电解质代谢和酸碱平衡失常,第一节  水、钠代谢失常,一、失水,【病因】,（一）高渗性失水,失水的病因,高渗性失水的病因,SP,S,S,S,S,P,O,7,book
553,第七篇  内分泌和代谢性疾病,第二十六章  水、电解质代谢和酸碱平衡失常,第一节  水、钠代谢失常,一、失水,【病因】,（二）等渗性失水,失水的病因,等渗性失水的病因,SP,S,S,S,S,P,O,7,book
554,第七篇  内分泌和代谢性疾病,第二十六章  水、电解质代谢和酸碱平衡失常,第一节  水、钠代谢失常,一、失水,【病因】,（三）低渗性失水,失水的病因,低渗性失水的病因,SP,S,S,S,S,P,O,7,book
555,第七篇  内分泌和代谢性疾病,第二十六章  水、电解质代谢和酸碱平衡失常,第一节  水、钠代谢失常,一、失水,【防治】,（一）补液总量,失水的防治,失水的防治：补液总量,SPO,PO,S,S,S,P,S,7,book
556,第七篇  内分泌和代谢性疾病,第二十六章  水、电解质代谢和酸碱平衡失常,第一节  水、钠代谢失常,一、失水,【防治】,（二）补液种类,失水的防治,失水的防治：补液种类,SPO,PO,S,S,S,P,S,7,book
557,第七篇  内分泌和代谢性疾病,第二十六章  水、电解质代谢和酸碱平衡失常,第一节  水、钠代谢失常,一、失水,【防治】,（三）补液方法,失水的防治,失水的防治：补液方法,SPO,PO,S,S,S,P,S,7,book
558,第七篇  内分泌和代谢性疾病,第二十六章  水、电解质代谢和酸碱平衡失常,第三节  酸碱平衡失常,二、代谢性碱中毒,【病因和发病机制】,（一）近端肾小管碳酸氢盐最大吸收阈增大,酸碱平衡失常的病因和发病机制,酸碱平衡失常的病因和发病机制：近端肾小管碳酸氢盐最大吸收阈增大,SPO,PO,S,S,S,P,S,7,book
559,第七篇  内分泌和代谢性疾病,第二十九章  性发育异常疾病,第一节  染色体性别异常疾病,一、Klinefelter综合征,,,染色体性别异常疾病的概述,Klinefelter综合征的概述,S,S,S,S,S,,,7,book
560,第七篇  内分泌和代谢性疾病,第二十九章  性发育异常疾病,第一节  染色体性别异常疾病,二、Turner综合征,,,染色体性别异常疾病的概述,Turner综合征的概述,S,S,S,S,S,,,7,book
561,第七篇  内分泌和代谢性疾病,第二十九章  性发育异常疾病,第一节  染色体性别异常疾病,三、XX男性综合征,,,染色体性别异常疾病的概述,XX男性综合征的概述,S,S,S,S,S,,,7,book
562,第八篇  风湿性疾病,第五章  系统性红斑狼疮,【发病机制及免疫异常】,,,,系统性红斑狼疮的概述,系统性红斑狼疮的发病机制及免疫异常,SP,PO,S,P,,,,7,book
563,第八篇  风湿性疾病,第七章  脊柱关节炎,第一节  强直性脊柱炎,【病因和发病机制】,,,强直性脊柱炎的概述,强直性脊柱炎的病因和发病机制,SP,PO,S,S,P,,,7,book
564,第八篇  风湿性疾病,第七章  脊柱关节炎,第一节  强直性脊柱炎,【临床表现】,,,强直性脊柱炎的概述,强直性脊柱炎的临床表现,SP,PO,S,S,P,,,7,book
565,第八篇  风湿性疾病,第九章  原发性血管炎,第三节  巨细胞动脉炎,【病因和发病机制】,,,巨细胞动脉炎的概述,巨细胞动脉炎的病因和发病机制,SP,PO,S,S,P,,,7,book
566,第八篇  风湿性疾病,第九章  原发性血管炎,第三节  巨细胞动脉炎,【临床表现】,,,巨细胞动脉炎的概述,巨细胞动脉炎的临床表现,SP,PO,S,S,P,,,7,book
567,第八篇  风湿性疾病,第九章  原发性血管炎,第四节  结节性多动脉炎,【临床表现】,（一）系统性PAN,,结节性多动脉炎的临床表现,系统性PAN的临床表现,SP,S,S,S,P,O,,7,book
568,第八篇  风湿性疾病,第九章  原发性血管炎,第四节  结节性多动脉炎,【临床表现】,（二）皮肤型PAN,,结节性多动脉炎的临床表现,皮肤型PAN的临床表现,SP,S,S,S,P,O,,7,book
569,第九篇  理化因素所致疾病,第二章  中毒,第三节  急性毒品中毒,【毒品分类】,（一）麻醉（镇痛）药,,急性毒品分类,急性毒品分类：麻醉（镇痛）药,SPO,PO,S,S,P,S,,7,book
570,第九篇  理化因素所致疾病,第二章  中毒,第三节  急性毒品中毒,【毒品分类】,（二）精神药,,急性毒品分类,急性毒品分类：精神药,SPO,PO,S,S,P,S,,7,book
571,第九篇  理化因素所致疾病,第二章  中毒,第五节  镇静催眠药中毒,【病因】,（三）非巴比妥非苯二氮䓬类（中效至短效）,,镇静催眠药中毒的病因,非巴比妥非苯二氮䓬类（中效至短效）中毒的病因,SP,S,S,S,P,O,,7,book
572,第九篇  理化因素所致疾病,第二章  中毒,第五节  镇静催眠药中毒,【病因】,（四）吩噻嗪类（抗精神病药）,,镇静催眠药中毒的病因,吩噻嗪类（抗精神病药）中毒的病因,SP,S,S,S,P,O,,7,book
573,第九篇  理化因素所致疾病,第二章  中毒,第五节  镇静催眠药中毒,【发病机制】,（二）中毒机制,,镇静催眠药中毒的发病机制,镇静催眠药中毒的发病机制,SP,PO,S,S,P,S,,7,book
574,第九篇  理化因素所致疾病,第二章  中毒,第五节  镇静催眠药中毒,【治疗】,（三）戒断综合征,,镇静催眠药中毒的治疗方法,镇静催眠药中毒的治疗：戒断综合征,SPO,PO,S,S,P,S,,7,book
575,第九篇  理化因素所致疾病,第二章  中毒,第六节  急性一氧化碳中毒,【治疗】,（一）终止CO吸入,,急性一氧化碳中毒的治疗方法,急性一氧化碳中毒的治疗：终止CO吸入,SPO,PO,S,S,P,S,,7,book
576,第九篇  理化因素所致疾病,第二章  中毒,第九节  毒蛇咬伤中毒,【发病机制】,（二）毒液对伤口局部作用,,毒蛇咬伤中毒的发病机制,毒蛇咬伤中毒的发病机制：毒液对伤口局部作用,SPO,PO,S,S,P,S,,7,book
577,第九篇  理化因素所致疾病,第三章  中暑,【发病机制】,（二）高温环境对人体各系统的影响,,,中暑的发病机制,中暑的发病机制：高温环境对人体各系统的影响,SPO,PO,S,P,S,,,7,book
578,第九篇  理化因素所致疾病,第五章  高原病,【治疗】,（四）慢性高原病,,,高原病的治疗,慢性高原病的治疗,SP,S,S,P,O,,,7,book
579,第九篇  理化因素所致疾病,第六章  淹溺,【病因和发病机制】,（一）病因,,,淹溺的病因和发病机制,淹溺的病因,SP,PO,S,P,S,,,7,book
580,第九篇  理化因素所致疾病,第七章  电击,,,,,电击的概述,电击的概述,S,S,S,,,,,7,book
581,第九篇  理化因素所致疾病,第七章  电击,【预防】,,,,电击的概述,电击的预防,SP,PO,S,P,,,,7,book
582,第二篇  呼吸系统疾病,第十三章  睡眠呼吸暂停低通气综合征,【临床表现】,（三）并发症,,,睡眠呼吸暂停低通气综合征的临床表现,睡眠呼吸暂停低通气综合征的并发症,SP,PO,S,P,S,,,8,book
583,第四篇  消化系统疾病,第十五章  肝硬化,【并发症】,（五）门静脉血栓或海绵样变,,,肝硬化的并发症,肝硬化的并发症：门静脉血栓或海绵样变,SPO,PO,S,P,S,,,8,book
584,第四篇  消化系统疾病,第十五章  肝硬化,【治疗】,（三）肝性脑病（HE）,,,肝硬化的治疗方法,肝性脑病（HE）的治疗方法,SP,S,S,P,S,,,8,book
585,第六篇  血液系统疾病,第二章  贫血概述,【临床表现】,,,,贫血的概述,贫血的临床表现,SP,PO,S,P,,,,8,book
586,第六篇  血液系统疾病,第四章  巨幼细胞贫血,【病因和发病机制】,（一）叶酸代谢及缺乏的原因,,,巨幼细胞贫血的病因和发病机制,巨幼细胞贫血的病因和发病机制：叶酸代谢及缺乏的原因,SPO,PO,S,P,S,,,8,book
587,第七篇  内分泌和代谢性疾病,第十七章  嗜铬细胞瘤,【临床表现】,（一）心血管系统表现,,,嗜铬细胞瘤的临床表现,嗜铬细胞瘤的临床表现：心血管系统表现,SPO,PO,S,P,S,,,8,book
588,第七篇  内分泌和代谢性疾病,第二十四章  血脂异常和脂蛋白异常血症,【血脂异常分类】,（二）病因分类,,,血脂异常分类,血脂异常的病因分类,SP,PO,S,P,S,,,8,book
589,第八篇  风湿性疾病,第十三章  骨关节炎,【治疗】,（一）非药物治疗,,,骨关节炎的治疗方法,骨关节炎的非药物治疗,SP,PO,S,P,S,,,8,book
590,第八篇  风湿性疾病,第十四章  痛风,【临床表现】,（一）无症状期,,,痛风的临床表现,无症状期痛风的临床表现,SP,S,S,P,S,,,8,book
591,第八篇  风湿性疾病,第十四章  痛风,【临床表现】,（三）痛风石及慢性关节炎期,,,痛风的临床表现,痛风石及慢性关节炎期痛风的临床表现,SP,S,S,P,S,,,8,book
592,第八篇  风湿性疾病,第十四章  痛风,【临床表现】,（四）肾脏,,,痛风的临床表现,痛风的临床表现：肾脏,SPO,PO,S,P,S,,,8,book
593,第九篇  理化因素所致疾病,第二章  中毒,第二节  农药中毒,一、急性有机磷杀虫药中毒,,,农药中毒的概述,急性有机磷杀虫药中毒,S,S,S,S,S,,,8,book
594,第九篇  理化因素所致疾病,第二章  中毒,第二节  农药中毒,一、急性有机磷杀虫药中毒,【病因】,,急性有机磷杀虫药中毒,急性有机磷杀虫药中毒的病因,SP,PO,S,S,S,P,,8,book
595,第九篇  理化因素所致疾病,第二章  中毒,第二节  农药中毒,一、急性有机磷杀虫药中毒,【中毒机制】,,急性有机磷杀虫药中毒,急性有机磷杀虫药中毒的中毒机制,SP,PO,S,S,S,P,,8,book
596,第九篇  理化因素所致疾病,第二章  中毒,第二节  农药中毒,一、急性有机磷杀虫药中毒,【临床表现】,（一）急性中毒,急性有机磷杀虫药中毒的临床表现,急性有机磷杀虫药中毒的临床表现：急性中毒,SPO,PO,S,S,S,P,S,8,book
597,第九篇  理化因素所致疾病,第二章  中毒,第二节  农药中毒,一、急性有机磷杀虫药中毒,【临床表现】,（三）中间型综合征,急性有机磷杀虫药中毒的临床表现,急性有机磷杀虫药中毒的临床表现：中间型综合征,SPO,PO,S,S,S,P,S,8,book
598,第九篇  理化因素所致疾病,第二章  中毒,第二节  农药中毒,二、急性百草枯中毒,【临床表现】,（二）系统损伤,急性百草枯中毒的临床表现,急性百草枯中毒的临床表现：系统损伤,SPO,PO,S,S,S,P,S,8,book
599,第九篇  理化因素所致疾病,第二章  中毒,第二节  农药中毒,二、急性百草枯中毒,【临床表现】,（三）临床分型,急性百草枯中毒的临床表现,急性百草枯中毒的临床分型,SP,PO,S,S,S,P,S,8,book
600,第九篇  理化因素所致疾病,第二章  中毒,第三节  急性毒品中毒,【治疗】,（一）复苏支持治疗,,急性毒品中毒的治疗方法,急性毒品中毒的复苏支持治疗,SP,PO,S,S,P,S,,8,book
601,第九篇  理化因素所致疾病,第二章  中毒,第三节  急性毒品中毒,【治疗】,（二）清除毒物,,急性毒品中毒的治疗方法,急性毒品中毒的治疗：清除毒物,SPO,PO,S,S,P,S,,8,book
602,第九篇  理化因素所致疾病,第二章  中毒,第五节  镇静催眠药中毒,【发病机制】,（一）药动学,,镇静催眠药中毒的发病机制,镇静催眠药中毒的发病机制：药动学,SP,PO,S,S,P,S,,8,book
603,第九篇  理化因素所致疾病,第二章  中毒,第五节  镇静催眠药中毒,【临床表现】,（一）急性中毒,,镇静催眠药中毒的临床表现,镇静催眠药中毒的临床表现：急性中毒,SPO,PO,S,S,P,S,,8,book
604,第九篇  理化因素所致疾病,第二章  中毒,第六节  急性一氧化碳中毒,【临床表现】,（一）急性中毒,,急性一氧化碳中毒的临床表现,急性一氧化碳中毒的临床表现：急性中毒,SPO,PO,S,S,P,S,,8,book
605,第九篇  理化因素所致疾病,第二章  中毒,第六节  急性一氧化碳中毒,【临床表现】,（二）迟发型神经精神综合征,,急性一氧化碳中毒的临床表现,急性一氧化碳中毒的临床表现：迟发型神经精神综合征,SPO,PO,S,S,P,S,,8,book
606,第九篇  理化因素所致疾病,第二章  中毒,第六节  急性一氧化碳中毒,【治疗】,（二）氧疗,,急性一氧化碳中毒的治疗方法,急性一氧化碳中毒的氧疗,SP,PO,S,S,P,S,,8,book
607,第九篇  理化因素所致疾病,第二章  中毒,第六节  急性一氧化碳中毒,【治疗】,（三）重要器官功能支持,,急性一氧化碳中毒的治疗方法,急性一氧化碳中毒的治疗：重要器官功能支持,SPO,PO,S,S,P,S,,8,book
608,第九篇  理化因素所致疾病,第二章  中毒,第八节  有机溶剂中毒,【中毒表现】,,,有机溶剂中毒的概述,有机溶剂中毒的中毒表现,SP,PO,S,S,P,,,8,book
609,第九篇  理化因素所致疾病,第二章  中毒,第八节  有机溶剂中毒,【中毒表现】,（二）呼吸道损害,,有机溶剂中毒的中毒表现,有机溶剂中毒的中毒表现：呼吸道损害,SPO,PO,S,S,P,S,,8,book
610,第九篇  理化因素所致疾病,第二章  中毒,第八节  有机溶剂中毒,【中毒表现】,（三）消化道损害,,有机溶剂中毒的中毒表现,有机溶剂中毒的中毒表现：消化道损害,SPO,PO,S,S,P,S,,8,book
611,第九篇  理化因素所致疾病,第二章  中毒,第八节  有机溶剂中毒,【中毒表现】,（六）皮肤损害,,有机溶剂中毒的中毒表现,有机溶剂中毒的中毒表现：皮肤损害,SPO,PO,S,S,P,S,,8,book
612,第九篇  理化因素所致疾病,第二章  中毒,第九节  毒蛇咬伤中毒,【治疗】,（二）抗蛇毒血清,,毒蛇咬伤中毒的治疗方法,毒蛇咬伤中毒的治疗：抗蛇毒血清,SPO,PO,S,S,P,S,,8,book
613,第九篇  理化因素所致疾病,第三章  中暑,【临床表现】,（三）热射病,,,中暑的临床表现,中暑的临床表现：热射病,SPO,PO,S,P,S,,,8,book
614,第九篇  理化因素所致疾病,第五章  高原病,【临床表现】,（二）慢性高原病（chronic mountain sickness）,,,高原病的临床表现,慢性高原病的临床表现,SP,S,S,P,O,,,8,book
615,第九篇  理化因素所致疾病,第五章  高原病,【治疗】,（一）急性高原反应,,,高原病的治疗方法,急性高原反应的治疗,SP,S,S,P,O,,,8,book